ARABIC LETTER HAMZA ISOLATED FORM;;FE80;;Ô∫Ä;;FE80
ARABIC LETTER ALEF ISOLATED FORM;;FE8D;;Ô∫ç;;FE8D
ARABIC LETTER ALEF FINAL FORM;;FE8E;;Ô∫é;;FE8E
ARABIC MATHEMATICAL ALEF;;1EE00;;û∏Ä;;1EE00
ARABIC MATHEMATICAL LOOPED ALEF;;1EE80;;û∫Ä;;1EE80
ARABIC LIGATURE AKBAR ISOLATED FORM;;FDF3;;Ô∑≥;;FDF3
ARABIC LIGATURE ALLAH ISOLATED FORM;;FDF2;;Ô∑≤;;FDF2
ARABIC LIGATURE ALEF WITH FATHATAN FINAL FORM;;FD3C;;Ô¥º;;FD3C
ARABIC LIGATURE ALEF WITH FATHATAN ISOLATED FORM;;FD3D;;Ô¥Ω;;FD3D
ARABIC LETTER ALEF WITH MADDA ABOVE;;0622;;ÿ¢;;0627 0653
ARABIC LETTER ALEF WITH MADDA ABOVE ISOLATED FORM;;FE81;;Ô∫Å;;FE81
ARABIC LETTER ALEF WITH MADDA ABOVE FINAL FORM;;FE82;;Ô∫Ç;;FE82
ARABIC LETTER ALEF WITH HAMZA ABOVE;;0623;;ÿ£;;0627 0654
ARABIC LETTER ALEF WITH HAMZA ABOVE ISOLATED FORM;;FE83;;Ô∫É;;FE83
ARABIC LETTER ALEF WITH HAMZA ABOVE FINAL FORM;;FE84;;Ô∫Ñ;;FE84
ARABIC LETTER ALEF WITH HAMZA BELOW;;0625;;ÿ•;;0627 0655
ARABIC LETTER ALEF WITH HAMZA BELOW ISOLATED FORM;;FE87;;Ô∫á;;FE87
ARABIC LETTER ALEF WITH HAMZA BELOW FINAL FORM;;FE88;;Ô∫à;;FE88
ARABIC LETTER HIGH HAMZA ALEF;;0675;;Ÿµ;;0675
ARABIC LETTER BEH ISOLATED FORM;;FE8F;;Ô∫è;;FE8F
ARABIC LETTER BEH FINAL FORM;;FE90;;Ô∫ê;;FE90
ARABIC LETTER BEH INITIAL FORM;;FE91;;Ô∫ë;;FE91
ARABIC LETTER BEH MEDIAL FORM;;FE92;;Ô∫í;;FE92
ARABIC MATHEMATICAL BEH;;1EE01;;û∏Å;;1EE01
ARABIC MATHEMATICAL INITIAL BEH;;1EE21;;û∏°;;1EE21
ARABIC MATHEMATICAL STRETCHED BEH;;1EE61;;ûπ°;;1EE61
ARABIC MATHEMATICAL LOOPED BEH;;1EE81;;û∫Å;;1EE81
ARABIC MATHEMATICAL DOUBLE-STRUCK BEH;;1EEA1;;û∫°;;1EEA1
ARABIC LIGATURE BEH WITH JEEM ISOLATED FORM;;FC05;;Ô∞Ö;;FC05
ARABIC LIGATURE BEH WITH JEEM INITIAL FORM;;FC9C;;Ô≤ú;;FC9C
ARABIC LIGATURE BEH WITH HAH ISOLATED FORM;;FC06;;Ô∞Ü;;FC06
ARABIC LIGATURE BEH WITH HAH INITIAL FORM;;FC9D;;Ô≤ù;;FC9D
ARABIC LIGATURE BEH WITH HAH WITH YEH FINAL FORM;;FDC2;;Ô∑Ç;;FDC2
ARABIC LIGATURE BEH WITH KHAH ISOLATED FORM;;FC07;;Ô∞á;;FC07
ARABIC LIGATURE BEH WITH KHAH INITIAL FORM;;FC9E;;Ô≤û;;FC9E
ARABIC LIGATURE BEH WITH KHAH WITH YEH FINAL FORM;;FD9E;;Ô∂û;;FD9E
ARABIC LIGATURE BEH WITH REH FINAL FORM;;FC6A;;Ô±™;;FC6A
ARABIC LIGATURE BEH WITH ZAIN FINAL FORM;;FC6B;;Ô±´;;FC6B
ARABIC LIGATURE BEH WITH MEEM ISOLATED FORM;;FC08;;Ô∞à;;FC08
ARABIC LIGATURE BEH WITH MEEM FINAL FORM;;FC6C;;Ô±¨;;FC6C
ARABIC LIGATURE BEH WITH MEEM INITIAL FORM;;FC9F;;Ô≤ü;;FC9F
ARABIC LIGATURE BEH WITH MEEM MEDIAL FORM;;FCE1;;Ô≥°;;FCE1
ARABIC LIGATURE BEH WITH NOON FINAL FORM;;FC6D;;Ô±≠;;FC6D
ARABIC LIGATURE BEH WITH HEH INITIAL FORM;;FCA0;;Ô≤†;;FCA0
ARABIC LIGATURE BEH WITH HEH MEDIAL FORM;;FCE2;;Ô≥¢;;FCE2
ARABIC LIGATURE BEH WITH ALEF MAKSURA ISOLATED FORM;;FC09;;Ô∞â;;FC09
ARABIC LIGATURE BEH WITH ALEF MAKSURA FINAL FORM;;FC6E;;Ô±Æ;;FC6E
ARABIC LIGATURE BEH WITH YEH ISOLATED FORM;;FC0A;;Ô∞ä;;FC0A
ARABIC LIGATURE BEH WITH YEH FINAL FORM;;FC6F;;Ô±Ø;;FC6F
ARABIC LETTER TEH MARBUTA ISOLATED FORM;;FE93;;Ô∫ì;;FE93
ARABIC LETTER TEH MARBUTA FINAL FORM;;FE94;;Ô∫î;;FE94
ARABIC LETTER TEH ISOLATED FORM;;FE95;;Ô∫ï;;FE95
ARABIC LETTER TEH FINAL FORM;;FE96;;Ô∫ñ;;FE96
ARABIC LETTER TEH INITIAL FORM;;FE97;;Ô∫ó;;FE97
ARABIC LETTER TEH MEDIAL FORM;;FE98;;Ô∫ò;;FE98
ARABIC MATHEMATICAL TEH;;1EE15;;û∏ï;;1EE15
ARABIC MATHEMATICAL INITIAL TEH;;1EE35;;û∏µ;;1EE35
ARABIC MATHEMATICAL STRETCHED TEH;;1EE75;;ûπµ;;1EE75
ARABIC MATHEMATICAL LOOPED TEH;;1EE95;;û∫ï;;1EE95
ARABIC MATHEMATICAL DOUBLE-STRUCK TEH;;1EEB5;;û∫µ;;1EEB5
ARABIC LIGATURE TEH WITH JEEM ISOLATED FORM;;FC0B;;Ô∞ã;;FC0B
ARABIC LIGATURE TEH WITH JEEM INITIAL FORM;;FCA1;;Ô≤°;;FCA1
ARABIC LIGATURE TEH WITH JEEM WITH MEEM INITIAL FORM;;FD50;;Ôµê;;FD50
ARABIC LIGATURE TEH WITH JEEM WITH ALEF MAKSURA FINAL FORM;;FDA0;;Ô∂†;;FDA0
ARABIC LIGATURE TEH WITH JEEM WITH YEH FINAL FORM;;FD9F;;Ô∂ü;;FD9F
ARABIC LIGATURE TEH WITH HAH ISOLATED FORM;;FC0C;;Ô∞å;;FC0C
ARABIC LIGATURE TEH WITH HAH INITIAL FORM;;FCA2;;Ô≤¢;;FCA2
ARABIC LIGATURE TEH WITH HAH WITH JEEM FINAL FORM;;FD51;;Ôµë;;FD51
ARABIC LIGATURE TEH WITH HAH WITH JEEM INITIAL FORM;;FD52;;Ôµí;;FD52
ARABIC LIGATURE TEH WITH HAH WITH MEEM INITIAL FORM;;FD53;;Ôµì;;FD53
ARABIC LIGATURE TEH WITH KHAH ISOLATED FORM;;FC0D;;Ô∞ç;;FC0D
ARABIC LIGATURE TEH WITH KHAH INITIAL FORM;;FCA3;;Ô≤£;;FCA3
ARABIC LIGATURE TEH WITH KHAH WITH MEEM INITIAL FORM;;FD54;;Ôµî;;FD54
ARABIC LIGATURE TEH WITH KHAH WITH ALEF MAKSURA FINAL FORM;;FDA2;;Ô∂¢;;FDA2
ARABIC LIGATURE TEH WITH KHAH WITH YEH FINAL FORM;;FDA1;;Ô∂°;;FDA1
ARABIC LIGATURE TEH WITH REH FINAL FORM;;FC70;;Ô±∞;;FC70
ARABIC LIGATURE TEH WITH ZAIN FINAL FORM;;FC71;;Ô±±;;FC71
ARABIC LIGATURE TEH WITH MEEM ISOLATED FORM;;FC0E;;Ô∞é;;FC0E
ARABIC LIGATURE TEH WITH MEEM FINAL FORM;;FC72;;Ô±≤;;FC72
ARABIC LIGATURE TEH WITH MEEM INITIAL FORM;;FCA4;;Ô≤§;;FCA4
ARABIC LIGATURE TEH WITH MEEM MEDIAL FORM;;FCE3;;Ô≥£;;FCE3
ARABIC LIGATURE TEH WITH MEEM WITH JEEM INITIAL FORM;;FD55;;Ôµï;;FD55
ARABIC LIGATURE TEH WITH MEEM WITH HAH INITIAL FORM;;FD56;;Ôµñ;;FD56
ARABIC LIGATURE TEH WITH MEEM WITH KHAH INITIAL FORM;;FD57;;Ôµó;;FD57
ARABIC LIGATURE TEH WITH MEEM WITH ALEF MAKSURA FINAL FORM;;FDA4;;Ô∂§;;FDA4
ARABIC LIGATURE TEH WITH MEEM WITH YEH FINAL FORM;;FDA3;;Ô∂£;;FDA3
ARABIC LIGATURE TEH WITH NOON FINAL FORM;;FC73;;Ô±≥;;FC73
ARABIC LIGATURE TEH WITH HEH INITIAL FORM;;FCA5;;Ô≤•;;FCA5
ARABIC LIGATURE TEH WITH HEH MEDIAL FORM;;FCE4;;Ô≥§;;FCE4
ARABIC LIGATURE TEH WITH ALEF MAKSURA ISOLATED FORM;;FC0F;;Ô∞è;;FC0F
ARABIC LIGATURE TEH WITH ALEF MAKSURA FINAL FORM;;FC74;;Ô±¥;;FC74
ARABIC LIGATURE TEH WITH YEH ISOLATED FORM;;FC10;;Ô∞ê;;FC10
ARABIC LIGATURE TEH WITH YEH FINAL FORM;;FC75;;Ô±µ;;FC75
ARABIC LETTER THEH ISOLATED FORM;;FE99;;Ô∫ô;;FE99
ARABIC LETTER THEH FINAL FORM;;FE9A;;Ô∫ö;;FE9A
ARABIC LETTER THEH INITIAL FORM;;FE9B;;Ô∫õ;;FE9B
ARABIC LETTER THEH MEDIAL FORM;;FE9C;;Ô∫ú;;FE9C
ARABIC MATHEMATICAL THEH;;1EE16;;û∏ñ;;1EE16
ARABIC MATHEMATICAL INITIAL THEH;;1EE36;;û∏∂;;1EE36
ARABIC MATHEMATICAL STRETCHED THEH;;1EE76;;ûπ∂;;1EE76
ARABIC MATHEMATICAL LOOPED THEH;;1EE96;;û∫ñ;;1EE96
ARABIC MATHEMATICAL DOUBLE-STRUCK THEH;;1EEB6;;û∫∂;;1EEB6
ARABIC LIGATURE THEH WITH JEEM ISOLATED FORM;;FC11;;Ô∞ë;;FC11
ARABIC LIGATURE THEH WITH REH FINAL FORM;;FC76;;Ô±∂;;FC76
ARABIC LIGATURE THEH WITH ZAIN FINAL FORM;;FC77;;Ô±∑;;FC77
ARABIC LIGATURE THEH WITH MEEM ISOLATED FORM;;FC12;;Ô∞í;;FC12
ARABIC LIGATURE THEH WITH MEEM FINAL FORM;;FC78;;Ô±∏;;FC78
ARABIC LIGATURE THEH WITH MEEM INITIAL FORM;;FCA6;;Ô≤¶;;FCA6
ARABIC LIGATURE THEH WITH MEEM MEDIAL FORM;;FCE5;;Ô≥•;;FCE5
ARABIC LIGATURE THEH WITH NOON FINAL FORM;;FC79;;Ô±π;;FC79
ARABIC LIGATURE THEH WITH HEH MEDIAL FORM;;FCE6;;Ô≥¶;;FCE6
ARABIC LIGATURE THEH WITH ALEF MAKSURA ISOLATED FORM;;FC13;;Ô∞ì;;FC13
ARABIC LIGATURE THEH WITH ALEF MAKSURA FINAL FORM;;FC7A;;Ô±∫;;FC7A
ARABIC LIGATURE THEH WITH YEH ISOLATED FORM;;FC14;;Ô∞î;;FC14
ARABIC LIGATURE THEH WITH YEH FINAL FORM;;FC7B;;Ô±ª;;FC7B
ARABIC LETTER JEEM ISOLATED FORM;;FE9D;;Ô∫ù;;FE9D
ARABIC LETTER JEEM FINAL FORM;;FE9E;;Ô∫û;;FE9E
ARABIC LETTER JEEM INITIAL FORM;;FE9F;;Ô∫ü;;FE9F
ARABIC LETTER JEEM MEDIAL FORM;;FEA0;;Ô∫†;;FEA0
ARABIC MATHEMATICAL JEEM;;1EE02;;û∏Ç;;1EE02
ARABIC MATHEMATICAL INITIAL JEEM;;1EE22;;û∏¢;;1EE22
ARABIC MATHEMATICAL TAILED JEEM;;1EE42;;ûπÇ;;1EE42
ARABIC MATHEMATICAL STRETCHED JEEM;;1EE62;;ûπ¢;;1EE62
ARABIC MATHEMATICAL LOOPED JEEM;;1EE82;;û∫Ç;;1EE82
ARABIC MATHEMATICAL DOUBLE-STRUCK JEEM;;1EEA2;;û∫¢;;1EEA2
ARABIC LIGATURE JEEM WITH HAH ISOLATED FORM;;FC15;;Ô∞ï;;FC15
ARABIC LIGATURE JEEM WITH HAH INITIAL FORM;;FCA7;;Ô≤ß;;FCA7
ARABIC LIGATURE JEEM WITH HAH WITH ALEF MAKSURA FINAL FORM;;FDA6;;Ô∂¶;;FDA6
ARABIC LIGATURE JEEM WITH HAH WITH YEH FINAL FORM;;FDBE;;Ô∂æ;;FDBE
ARABIC LIGATURE JALLAJALALOUHOU;;FDFB;;Ô∑ª;;FDFB
ARABIC LIGATURE JEEM WITH MEEM ISOLATED FORM;;FC16;;Ô∞ñ;;FC16
ARABIC LIGATURE JEEM WITH MEEM INITIAL FORM;;FCA8;;Ô≤®;;FCA8
ARABIC LIGATURE JEEM WITH MEEM WITH HAH FINAL FORM;;FD58;;Ôµò;;FD58
ARABIC LIGATURE JEEM WITH MEEM WITH HAH INITIAL FORM;;FD59;;Ôµô;;FD59
ARABIC LIGATURE JEEM WITH MEEM WITH ALEF MAKSURA FINAL FORM;;FDA7;;Ô∂ß;;FDA7
ARABIC LIGATURE JEEM WITH MEEM WITH YEH FINAL FORM;;FDA5;;Ô∂•;;FDA5
ARABIC LIGATURE JEEM WITH ALEF MAKSURA ISOLATED FORM;;FD01;;Ô¥Å;;FD01
ARABIC LIGATURE JEEM WITH ALEF MAKSURA FINAL FORM;;FD1D;;Ô¥ù;;FD1D
ARABIC LIGATURE JEEM WITH YEH ISOLATED FORM;;FD02;;Ô¥Ç;;FD02
ARABIC LIGATURE JEEM WITH YEH FINAL FORM;;FD1E;;Ô¥û;;FD1E
ARABIC LETTER HAH ISOLATED FORM;;FEA1;;Ô∫°;;FEA1
ARABIC LETTER HAH FINAL FORM;;FEA2;;Ô∫¢;;FEA2
ARABIC LETTER HAH INITIAL FORM;;FEA3;;Ô∫£;;FEA3
ARABIC LETTER HAH MEDIAL FORM;;FEA4;;Ô∫§;;FEA4
ARABIC MATHEMATICAL HAH;;1EE07;;û∏á;;1EE07
ARABIC MATHEMATICAL INITIAL HAH;;1EE27;;û∏ß;;1EE27
ARABIC MATHEMATICAL TAILED HAH;;1EE47;;ûπá;;1EE47
ARABIC MATHEMATICAL STRETCHED HAH;;1EE67;;ûπß;;1EE67
ARABIC MATHEMATICAL LOOPED HAH;;1EE87;;û∫á;;1EE87
ARABIC MATHEMATICAL DOUBLE-STRUCK HAH;;1EEA7;;û∫ß;;1EEA7
ARABIC LIGATURE HAH WITH JEEM ISOLATED FORM;;FC17;;Ô∞ó;;FC17
ARABIC LIGATURE HAH WITH JEEM INITIAL FORM;;FCA9;;Ô≤©;;FCA9
ARABIC LIGATURE HAH WITH JEEM WITH YEH FINAL FORM;;FDBF;;Ô∂ø;;FDBF
ARABIC LIGATURE HAH WITH MEEM ISOLATED FORM;;FC18;;Ô∞ò;;FC18
ARABIC LIGATURE HAH WITH MEEM INITIAL FORM;;FCAA;;Ô≤™;;FCAA
ARABIC LIGATURE HAH WITH MEEM WITH ALEF MAKSURA FINAL FORM;;FD5B;;Ôµõ;;FD5B
ARABIC LIGATURE HAH WITH MEEM WITH YEH FINAL FORM;;FD5A;;Ôµö;;FD5A
ARABIC LIGATURE HAH WITH ALEF MAKSURA ISOLATED FORM;;FCFF;;Ô≥ø;;FCFF
ARABIC LIGATURE HAH WITH ALEF MAKSURA FINAL FORM;;FD1B;;Ô¥õ;;FD1B
ARABIC LIGATURE HAH WITH YEH ISOLATED FORM;;FD00;;Ô¥Ä;;FD00
ARABIC LIGATURE HAH WITH YEH FINAL FORM;;FD1C;;Ô¥ú;;FD1C
ARABIC LETTER KHAH ISOLATED FORM;;FEA5;;Ô∫•;;FEA5
ARABIC LETTER KHAH FINAL FORM;;FEA6;;Ô∫¶;;FEA6
ARABIC LETTER KHAH INITIAL FORM;;FEA7;;Ô∫ß;;FEA7
ARABIC LETTER KHAH MEDIAL FORM;;FEA8;;Ô∫®;;FEA8
ARABIC MATHEMATICAL KHAH;;1EE17;;û∏ó;;1EE17
ARABIC MATHEMATICAL INITIAL KHAH;;1EE37;;û∏∑;;1EE37
ARABIC MATHEMATICAL TAILED KHAH;;1EE57;;ûπó;;1EE57
ARABIC MATHEMATICAL STRETCHED KHAH;;1EE77;;ûπ∑;;1EE77
ARABIC MATHEMATICAL LOOPED KHAH;;1EE97;;û∫ó;;1EE97
ARABIC MATHEMATICAL DOUBLE-STRUCK KHAH;;1EEB7;;û∫∑;;1EEB7
ARABIC LIGATURE KHAH WITH JEEM ISOLATED FORM;;FC19;;Ô∞ô;;FC19
ARABIC LIGATURE KHAH WITH JEEM INITIAL FORM;;FCAB;;Ô≤´;;FCAB
ARABIC LIGATURE KHAH WITH HAH ISOLATED FORM;;FC1A;;Ô∞ö;;FC1A
ARABIC LIGATURE KHAH WITH MEEM ISOLATED FORM;;FC1B;;Ô∞õ;;FC1B
ARABIC LIGATURE KHAH WITH MEEM INITIAL FORM;;FCAC;;Ô≤¨;;FCAC
ARABIC LIGATURE KHAH WITH ALEF MAKSURA ISOLATED FORM;;FD03;;Ô¥É;;FD03
ARABIC LIGATURE KHAH WITH ALEF MAKSURA FINAL FORM;;FD1F;;Ô¥ü;;FD1F
ARABIC LIGATURE KHAH WITH YEH ISOLATED FORM;;FD04;;Ô¥Ñ;;FD04
ARABIC LIGATURE KHAH WITH YEH FINAL FORM;;FD20;;Ô¥†;;FD20
ARABIC LETTER DAL ISOLATED FORM;;FEA9;;Ô∫©;;FEA9
ARABIC LETTER DAL FINAL FORM;;FEAA;;Ô∫™;;FEAA
ARABIC MATHEMATICAL DAL;;1EE03;;û∏É;;1EE03
ARABIC MATHEMATICAL LOOPED DAL;;1EE83;;û∫É;;1EE83
ARABIC MATHEMATICAL DOUBLE-STRUCK DAL;;1EEA3;;û∫£;;1EEA3
ARABIC LETTER THAL ISOLATED FORM;;FEAB;;Ô∫´;;FEAB
ARABIC LETTER THAL FINAL FORM;;FEAC;;Ô∫¨;;FEAC
ARABIC MATHEMATICAL THAL;;1EE18;;û∏ò;;1EE18
ARABIC MATHEMATICAL LOOPED THAL;;1EE98;;û∫ò;;1EE98
ARABIC MATHEMATICAL DOUBLE-STRUCK THAL;;1EEB8;;û∫∏;;1EEB8
ARABIC LIGATURE THAL WITH SUPERSCRIPT ALEF ISOLATED FORM;;FC5B;;Ô±õ;;FC5B
ARABIC LETTER REH ISOLATED FORM;;FEAD;;Ô∫≠;;FEAD
ARABIC LETTER REH FINAL FORM;;FEAE;;Ô∫Æ;;FEAE
ARABIC MATHEMATICAL REH;;1EE13;;û∏ì;;1EE13
ARABIC MATHEMATICAL LOOPED REH;;1EE93;;û∫ì;;1EE93
ARABIC MATHEMATICAL DOUBLE-STRUCK REH;;1EEB3;;û∫≥;;1EEB3
ARABIC LIGATURE RASOUL ISOLATED FORM;;FDF6;;Ô∑∂;;FDF6
ARABIC LIGATURE REH WITH SUPERSCRIPT ALEF ISOLATED FORM;;FC5C;;Ô±ú;;FC5C
RIAL SIGN;;FDFC;;Ô∑º;;FDFC
ARABIC LETTER ZAIN ISOLATED FORM;;FEAF;;Ô∫Ø;;FEAF
ARABIC LETTER ZAIN FINAL FORM;;FEB0;;Ô∫∞;;FEB0
ARABIC MATHEMATICAL ZAIN;;1EE06;;û∏Ü;;1EE06
ARABIC MATHEMATICAL LOOPED ZAIN;;1EE86;;û∫Ü;;1EE86
ARABIC MATHEMATICAL DOUBLE-STRUCK ZAIN;;1EEA6;;û∫¶;;1EEA6
ARABIC LETTER SEEN ISOLATED FORM;;FEB1;;Ô∫±;;FEB1
ARABIC LETTER SEEN FINAL FORM;;FEB2;;Ô∫≤;;FEB2
ARABIC LETTER SEEN INITIAL FORM;;FEB3;;Ô∫≥;;FEB3
ARABIC LETTER SEEN MEDIAL FORM;;FEB4;;Ô∫¥;;FEB4
ARABIC MATHEMATICAL SEEN;;1EE0E;;û∏é;;1EE0E
ARABIC MATHEMATICAL INITIAL SEEN;;1EE2E;;û∏Æ;;1EE2E
ARABIC MATHEMATICAL TAILED SEEN;;1EE4E;;ûπé;;1EE4E
ARABIC MATHEMATICAL STRETCHED SEEN;;1EE6E;;ûπÆ;;1EE6E
ARABIC MATHEMATICAL LOOPED SEEN;;1EE8E;;û∫é;;1EE8E
ARABIC MATHEMATICAL DOUBLE-STRUCK SEEN;;1EEAE;;û∫Æ;;1EEAE
ARABIC LIGATURE SEEN WITH JEEM ISOLATED FORM;;FC1C;;Ô∞ú;;FC1C
ARABIC LIGATURE SEEN WITH JEEM INITIAL FORM;;FCAD;;Ô≤≠;;FCAD
ARABIC LIGATURE SEEN WITH JEEM MEDIAL FORM;;FD34;;Ô¥¥;;FD34
ARABIC LIGATURE SEEN WITH JEEM WITH HAH INITIAL FORM;;FD5D;;Ôµù;;FD5D
ARABIC LIGATURE SEEN WITH JEEM WITH ALEF MAKSURA FINAL FORM;;FD5E;;Ôµû;;FD5E
ARABIC LIGATURE SEEN WITH HAH ISOLATED FORM;;FC1D;;Ô∞ù;;FC1D
ARABIC LIGATURE SEEN WITH HAH INITIAL FORM;;FCAE;;Ô≤Æ;;FCAE
ARABIC LIGATURE SEEN WITH HAH MEDIAL FORM;;FD35;;Ô¥µ;;FD35
ARABIC LIGATURE SEEN WITH HAH WITH JEEM INITIAL FORM;;FD5C;;Ôµú;;FD5C
ARABIC LIGATURE SEEN WITH KHAH ISOLATED FORM;;FC1E;;Ô∞û;;FC1E
ARABIC LIGATURE SEEN WITH KHAH INITIAL FORM;;FCAF;;Ô≤Ø;;FCAF
ARABIC LIGATURE SEEN WITH KHAH MEDIAL FORM;;FD36;;Ô¥∂;;FD36
ARABIC LIGATURE SEEN WITH KHAH WITH ALEF MAKSURA FINAL FORM;;FDA8;;Ô∂®;;FDA8
ARABIC LIGATURE SEEN WITH KHAH WITH YEH FINAL FORM;;FDC6;;Ô∑Ü;;FDC6
ARABIC LIGATURE SEEN WITH REH ISOLATED FORM;;FD0E;;Ô¥é;;FD0E
ARABIC LIGATURE SEEN WITH REH FINAL FORM;;FD2A;;Ô¥™;;FD2A
ARABIC LIGATURE SEEN WITH MEEM ISOLATED FORM;;FC1F;;Ô∞ü;;FC1F
ARABIC LIGATURE SEEN WITH MEEM INITIAL FORM;;FCB0;;Ô≤∞;;FCB0
ARABIC LIGATURE SEEN WITH MEEM MEDIAL FORM;;FCE7;;Ô≥ß;;FCE7
ARABIC LIGATURE SEEN WITH MEEM WITH JEEM INITIAL FORM;;FD61;;Ôµ°;;FD61
ARABIC LIGATURE SEEN WITH MEEM WITH HAH FINAL FORM;;FD5F;;Ôµü;;FD5F
ARABIC LIGATURE SEEN WITH MEEM WITH HAH INITIAL FORM;;FD60;;Ôµ†;;FD60
ARABIC LIGATURE SEEN WITH MEEM WITH MEEM FINAL FORM;;FD62;;Ôµ¢;;FD62
ARABIC LIGATURE SEEN WITH MEEM WITH MEEM INITIAL FORM;;FD63;;Ôµ£;;FD63
ARABIC LIGATURE SEEN WITH HEH MEDIAL FORM;;FCE8;;Ô≥®;;FCE8
ARABIC LIGATURE SEEN WITH HEH INITIAL FORM;;FD31;;Ô¥±;;FD31
ARABIC LIGATURE SEEN WITH ALEF MAKSURA ISOLATED FORM;;FCFB;;Ô≥ª;;FCFB
ARABIC LIGATURE SEEN WITH ALEF MAKSURA FINAL FORM;;FD17;;Ô¥ó;;FD17
ARABIC LIGATURE SEEN WITH YEH ISOLATED FORM;;FCFC;;Ô≥º;;FCFC
ARABIC LIGATURE SEEN WITH YEH FINAL FORM;;FD18;;Ô¥ò;;FD18
ARABIC LETTER SHEEN ISOLATED FORM;;FEB5;;Ô∫µ;;FEB5
ARABIC LETTER SHEEN FINAL FORM;;FEB6;;Ô∫∂;;FEB6
ARABIC LETTER SHEEN INITIAL FORM;;FEB7;;Ô∫∑;;FEB7
ARABIC LETTER SHEEN MEDIAL FORM;;FEB8;;Ô∫∏;;FEB8
ARABIC MATHEMATICAL SHEEN;;1EE14;;û∏î;;1EE14
ARABIC MATHEMATICAL INITIAL SHEEN;;1EE34;;û∏¥;;1EE34
ARABIC MATHEMATICAL TAILED SHEEN;;1EE54;;ûπî;;1EE54
ARABIC MATHEMATICAL STRETCHED SHEEN;;1EE74;;ûπ¥;;1EE74
ARABIC MATHEMATICAL LOOPED SHEEN;;1EE94;;û∫î;;1EE94
ARABIC MATHEMATICAL DOUBLE-STRUCK SHEEN;;1EEB4;;û∫¥;;1EEB4
ARABIC LIGATURE SHEEN WITH JEEM ISOLATED FORM;;FD09;;Ô¥â;;FD09
ARABIC LIGATURE SHEEN WITH JEEM FINAL FORM;;FD25;;Ô¥•;;FD25
ARABIC LIGATURE SHEEN WITH JEEM INITIAL FORM;;FD2D;;Ô¥≠;;FD2D
ARABIC LIGATURE SHEEN WITH JEEM MEDIAL FORM;;FD37;;Ô¥∑;;FD37
ARABIC LIGATURE SHEEN WITH JEEM WITH YEH FINAL FORM;;FD69;;Ôµ©;;FD69
ARABIC LIGATURE SHEEN WITH HAH ISOLATED FORM;;FD0A;;Ô¥ä;;FD0A
ARABIC LIGATURE SHEEN WITH HAH FINAL FORM;;FD26;;Ô¥¶;;FD26
ARABIC LIGATURE SHEEN WITH HAH INITIAL FORM;;FD2E;;Ô¥Æ;;FD2E
ARABIC LIGATURE SHEEN WITH HAH MEDIAL FORM;;FD38;;Ô¥∏;;FD38
ARABIC LIGATURE SHEEN WITH HAH WITH MEEM FINAL FORM;;FD67;;Ôµß;;FD67
ARABIC LIGATURE SHEEN WITH HAH WITH MEEM INITIAL FORM;;FD68;;Ôµ®;;FD68
ARABIC LIGATURE SHEEN WITH HAH WITH YEH FINAL FORM;;FDAA;;Ô∂™;;FDAA
ARABIC LIGATURE SHEEN WITH KHAH ISOLATED FORM;;FD0B;;Ô¥ã;;FD0B
ARABIC LIGATURE SHEEN WITH KHAH FINAL FORM;;FD27;;Ô¥ß;;FD27
ARABIC LIGATURE SHEEN WITH KHAH INITIAL FORM;;FD2F;;Ô¥Ø;;FD2F
ARABIC LIGATURE SHEEN WITH KHAH MEDIAL FORM;;FD39;;Ô¥π;;FD39
ARABIC LIGATURE SHEEN WITH REH ISOLATED FORM;;FD0D;;Ô¥ç;;FD0D
ARABIC LIGATURE SHEEN WITH REH FINAL FORM;;FD29;;Ô¥©;;FD29
ARABIC LIGATURE SHEEN WITH MEEM MEDIAL FORM;;FCE9;;Ô≥©;;FCE9
ARABIC LIGATURE SHEEN WITH MEEM ISOLATED FORM;;FD0C;;Ô¥å;;FD0C
ARABIC LIGATURE SHEEN WITH MEEM FINAL FORM;;FD28;;Ô¥®;;FD28
ARABIC LIGATURE SHEEN WITH MEEM INITIAL FORM;;FD30;;Ô¥∞;;FD30
ARABIC LIGATURE SHEEN WITH MEEM WITH KHAH FINAL FORM;;FD6A;;Ôµ™;;FD6A
ARABIC LIGATURE SHEEN WITH MEEM WITH KHAH INITIAL FORM;;FD6B;;Ôµ´;;FD6B
ARABIC LIGATURE SHEEN WITH MEEM WITH MEEM FINAL FORM;;FD6C;;Ôµ¨;;FD6C
ARABIC LIGATURE SHEEN WITH MEEM WITH MEEM INITIAL FORM;;FD6D;;Ôµ≠;;FD6D
ARABIC LIGATURE SHEEN WITH HEH MEDIAL FORM;;FCEA;;Ô≥™;;FCEA
ARABIC LIGATURE SHEEN WITH HEH INITIAL FORM;;FD32;;Ô¥≤;;FD32
ARABIC LIGATURE SHEEN WITH ALEF MAKSURA ISOLATED FORM;;FCFD;;Ô≥Ω;;FCFD
ARABIC LIGATURE SHEEN WITH ALEF MAKSURA FINAL FORM;;FD19;;Ô¥ô;;FD19
ARABIC LIGATURE SHEEN WITH YEH ISOLATED FORM;;FCFE;;Ô≥æ;;FCFE
ARABIC LIGATURE SHEEN WITH YEH FINAL FORM;;FD1A;;Ô¥ö;;FD1A
ARABIC LETTER SAD ISOLATED FORM;;FEB9;;Ô∫π;;FEB9
ARABIC LETTER SAD FINAL FORM;;FEBA;;Ô∫∫;;FEBA
ARABIC LETTER SAD INITIAL FORM;;FEBB;;Ô∫ª;;FEBB
ARABIC LETTER SAD MEDIAL FORM;;FEBC;;Ô∫º;;FEBC
ARABIC MATHEMATICAL SAD;;1EE11;;û∏ë;;1EE11
ARABIC MATHEMATICAL INITIAL SAD;;1EE31;;û∏±;;1EE31
ARABIC MATHEMATICAL TAILED SAD;;1EE51;;ûπë;;1EE51
ARABIC MATHEMATICAL STRETCHED SAD;;1EE71;;ûπ±;;1EE71
ARABIC MATHEMATICAL LOOPED SAD;;1EE91;;û∫ë;;1EE91
ARABIC MATHEMATICAL DOUBLE-STRUCK SAD;;1EEB1;;û∫±;;1EEB1
ARABIC LIGATURE SAD WITH HAH ISOLATED FORM;;FC20;;Ô∞†;;FC20
ARABIC LIGATURE SAD WITH HAH INITIAL FORM;;FCB1;;Ô≤±;;FCB1
ARABIC LIGATURE SAD WITH HAH WITH HAH FINAL FORM;;FD64;;Ôµ§;;FD64
ARABIC LIGATURE SAD WITH HAH WITH HAH INITIAL FORM;;FD65;;Ôµ•;;FD65
ARABIC LIGATURE SAD WITH HAH WITH YEH FINAL FORM;;FDA9;;Ô∂©;;FDA9
ARABIC LIGATURE SAD WITH KHAH INITIAL FORM;;FCB2;;Ô≤≤;;FCB2
ARABIC LIGATURE SAD WITH REH ISOLATED FORM;;FD0F;;Ô¥è;;FD0F
ARABIC LIGATURE SAD WITH REH FINAL FORM;;FD2B;;Ô¥´;;FD2B
ARABIC LIGATURE SALAM ISOLATED FORM;;FDF5;;Ô∑µ;;FDF5
ARABIC LIGATURE SALLA ISOLATED FORM;;FDF9;;Ô∑π;;FDF9
ARABIC LIGATURE SALLALLAHOU ALAYHE WASALLAM;;FDFA;;Ô∑∫;;FDFA
ARABIC LIGATURE SALLA USED AS KORANIC STOP SIGN ISOLATED FORM;;FDF0;;Ô∑∞;;FDF0
ARABIC LIGATURE SAD WITH MEEM ISOLATED FORM;;FC21;;Ô∞°;;FC21
ARABIC LIGATURE SAD WITH MEEM INITIAL FORM;;FCB3;;Ô≤≥;;FCB3
ARABIC LIGATURE SAD WITH MEEM WITH MEEM FINAL FORM;;FD66;;Ôµ¶;;FD66
ARABIC LIGATURE SAD WITH MEEM WITH MEEM INITIAL FORM;;FDC5;;Ô∑Ö;;FDC5
ARABIC LIGATURE SAD WITH ALEF MAKSURA ISOLATED FORM;;FD05;;Ô¥Ö;;FD05
ARABIC LIGATURE SAD WITH ALEF MAKSURA FINAL FORM;;FD21;;Ô¥°;;FD21
ARABIC LIGATURE SAD WITH YEH ISOLATED FORM;;FD06;;Ô¥Ü;;FD06
ARABIC LIGATURE SAD WITH YEH FINAL FORM;;FD22;;Ô¥¢;;FD22
ARABIC LETTER DAD ISOLATED FORM;;FEBD;;Ô∫Ω;;FEBD
ARABIC LETTER DAD FINAL FORM;;FEBE;;Ô∫æ;;FEBE
ARABIC LETTER DAD INITIAL FORM;;FEBF;;Ô∫ø;;FEBF
ARABIC LETTER DAD MEDIAL FORM;;FEC0;;ÔªÄ;;FEC0
ARABIC MATHEMATICAL DAD;;1EE19;;û∏ô;;1EE19
ARABIC MATHEMATICAL INITIAL DAD;;1EE39;;û∏π;;1EE39
ARABIC MATHEMATICAL TAILED DAD;;1EE59;;ûπô;;1EE59
ARABIC MATHEMATICAL STRETCHED DAD;;1EE79;;ûππ;;1EE79
ARABIC MATHEMATICAL LOOPED DAD;;1EE99;;û∫ô;;1EE99
ARABIC MATHEMATICAL DOUBLE-STRUCK DAD;;1EEB9;;û∫π;;1EEB9
ARABIC LIGATURE DAD WITH JEEM ISOLATED FORM;;FC22;;Ô∞¢;;FC22
ARABIC LIGATURE DAD WITH JEEM INITIAL FORM;;FCB4;;Ô≤¥;;FCB4
ARABIC LIGATURE DAD WITH HAH ISOLATED FORM;;FC23;;Ô∞£;;FC23
ARABIC LIGATURE DAD WITH HAH INITIAL FORM;;FCB5;;Ô≤µ;;FCB5
ARABIC LIGATURE DAD WITH HAH WITH ALEF MAKSURA FINAL FORM;;FD6E;;ÔµÆ;;FD6E
ARABIC LIGATURE DAD WITH HAH WITH YEH FINAL FORM;;FDAB;;Ô∂´;;FDAB
ARABIC LIGATURE DAD WITH KHAH ISOLATED FORM;;FC24;;Ô∞§;;FC24
ARABIC LIGATURE DAD WITH KHAH INITIAL FORM;;FCB6;;Ô≤∂;;FCB6
ARABIC LIGATURE DAD WITH KHAH WITH MEEM FINAL FORM;;FD6F;;ÔµØ;;FD6F
ARABIC LIGATURE DAD WITH KHAH WITH MEEM INITIAL FORM;;FD70;;Ôµ∞;;FD70
ARABIC LIGATURE DAD WITH REH ISOLATED FORM;;FD10;;Ô¥ê;;FD10
ARABIC LIGATURE DAD WITH REH FINAL FORM;;FD2C;;Ô¥¨;;FD2C
ARABIC LIGATURE DAD WITH MEEM ISOLATED FORM;;FC25;;Ô∞•;;FC25
ARABIC LIGATURE DAD WITH MEEM INITIAL FORM;;FCB7;;Ô≤∑;;FCB7
ARABIC LIGATURE DAD WITH ALEF MAKSURA ISOLATED FORM;;FD07;;Ô¥á;;FD07
ARABIC LIGATURE DAD WITH ALEF MAKSURA FINAL FORM;;FD23;;Ô¥£;;FD23
ARABIC LIGATURE DAD WITH YEH ISOLATED FORM;;FD08;;Ô¥à;;FD08
ARABIC LIGATURE DAD WITH YEH FINAL FORM;;FD24;;Ô¥§;;FD24
ARABIC LETTER TAH ISOLATED FORM;;FEC1;;ÔªÅ;;FEC1
ARABIC LETTER TAH FINAL FORM;;FEC2;;ÔªÇ;;FEC2
ARABIC LETTER TAH INITIAL FORM;;FEC3;;ÔªÉ;;FEC3
ARABIC LETTER TAH MEDIAL FORM;;FEC4;;ÔªÑ;;FEC4
ARABIC MATHEMATICAL TAH;;1EE08;;û∏à;;1EE08
ARABIC MATHEMATICAL STRETCHED TAH;;1EE68;;ûπ®;;1EE68
ARABIC MATHEMATICAL LOOPED TAH;;1EE88;;û∫à;;1EE88
ARABIC MATHEMATICAL DOUBLE-STRUCK TAH;;1EEA8;;û∫®;;1EEA8
ARABIC LIGATURE TAH WITH HAH ISOLATED FORM;;FC26;;Ô∞¶;;FC26
ARABIC LIGATURE TAH WITH HAH INITIAL FORM;;FCB8;;Ô≤∏;;FCB8
ARABIC LIGATURE TAH WITH MEEM ISOLATED FORM;;FC27;;Ô∞ß;;FC27
ARABIC LIGATURE TAH WITH MEEM INITIAL FORM;;FD33;;Ô¥≥;;FD33
ARABIC LIGATURE TAH WITH MEEM MEDIAL FORM;;FD3A;;Ô¥∫;;FD3A
ARABIC LIGATURE TAH WITH MEEM WITH HAH FINAL FORM;;FD71;;Ôµ±;;FD71
ARABIC LIGATURE TAH WITH MEEM WITH HAH INITIAL FORM;;FD72;;Ôµ≤;;FD72
ARABIC LIGATURE TAH WITH MEEM WITH MEEM INITIAL FORM;;FD73;;Ôµ≥;;FD73
ARABIC LIGATURE TAH WITH MEEM WITH YEH FINAL FORM;;FD74;;Ôµ¥;;FD74
ARABIC LIGATURE TAH WITH ALEF MAKSURA ISOLATED FORM;;FCF5;;Ô≥µ;;FCF5
ARABIC LIGATURE TAH WITH ALEF MAKSURA FINAL FORM;;FD11;;Ô¥ë;;FD11
ARABIC LIGATURE TAH WITH YEH ISOLATED FORM;;FCF6;;Ô≥∂;;FCF6
ARABIC LIGATURE TAH WITH YEH FINAL FORM;;FD12;;Ô¥í;;FD12
ARABIC LETTER ZAH ISOLATED FORM;;FEC5;;ÔªÖ;;FEC5
ARABIC LETTER ZAH FINAL FORM;;FEC6;;ÔªÜ;;FEC6
ARABIC LETTER ZAH INITIAL FORM;;FEC7;;Ôªá;;FEC7
ARABIC LETTER ZAH MEDIAL FORM;;FEC8;;Ôªà;;FEC8
ARABIC MATHEMATICAL ZAH;;1EE1A;;û∏ö;;1EE1A
ARABIC MATHEMATICAL STRETCHED ZAH;;1EE7A;;ûπ∫;;1EE7A
ARABIC MATHEMATICAL LOOPED ZAH;;1EE9A;;û∫ö;;1EE9A
ARABIC MATHEMATICAL DOUBLE-STRUCK ZAH;;1EEBA;;û∫∫;;1EEBA
ARABIC LIGATURE ZAH WITH MEEM ISOLATED FORM;;FC28;;Ô∞®;;FC28
ARABIC LIGATURE ZAH WITH MEEM INITIAL FORM;;FCB9;;Ô≤π;;FCB9
ARABIC LIGATURE ZAH WITH MEEM MEDIAL FORM;;FD3B;;Ô¥ª;;FD3B
ARABIC LETTER AIN ISOLATED FORM;;FEC9;;Ôªâ;;FEC9
ARABIC LETTER AIN FINAL FORM;;FECA;;Ôªä;;FECA
ARABIC LETTER AIN INITIAL FORM;;FECB;;Ôªã;;FECB
ARABIC LETTER AIN MEDIAL FORM;;FECC;;Ôªå;;FECC
ARABIC MATHEMATICAL AIN;;1EE0F;;û∏è;;1EE0F
ARABIC MATHEMATICAL INITIAL AIN;;1EE2F;;û∏Ø;;1EE2F
ARABIC MATHEMATICAL TAILED AIN;;1EE4F;;ûπè;;1EE4F
ARABIC MATHEMATICAL STRETCHED AIN;;1EE6F;;ûπØ;;1EE6F
ARABIC MATHEMATICAL LOOPED AIN;;1EE8F;;û∫è;;1EE8F
ARABIC MATHEMATICAL DOUBLE-STRUCK AIN;;1EEAF;;û∫Ø;;1EEAF
ARABIC LIGATURE AIN WITH JEEM ISOLATED FORM;;FC29;;Ô∞©;;FC29
ARABIC LIGATURE AIN WITH JEEM INITIAL FORM;;FCBA;;Ô≤∫;;FCBA
ARABIC LIGATURE AIN WITH JEEM WITH MEEM FINAL FORM;;FD75;;Ôµµ;;FD75
ARABIC LIGATURE AIN WITH JEEM WITH MEEM INITIAL FORM;;FDC4;;Ô∑Ñ;;FDC4
ARABIC LIGATURE ALAYHE ISOLATED FORM;;FDF7;;Ô∑∑;;FDF7
ARABIC LIGATURE AIN WITH MEEM ISOLATED FORM;;FC2A;;Ô∞™;;FC2A
ARABIC LIGATURE AIN WITH MEEM INITIAL FORM;;FCBB;;Ô≤ª;;FCBB
ARABIC LIGATURE AIN WITH MEEM WITH MEEM FINAL FORM;;FD76;;Ôµ∂;;FD76
ARABIC LIGATURE AIN WITH MEEM WITH MEEM INITIAL FORM;;FD77;;Ôµ∑;;FD77
ARABIC LIGATURE AIN WITH MEEM WITH ALEF MAKSURA FINAL FORM;;FD78;;Ôµ∏;;FD78
ARABIC LIGATURE AIN WITH MEEM WITH YEH FINAL FORM;;FDB6;;Ô∂∂;;FDB6
ARABIC LIGATURE AIN WITH ALEF MAKSURA ISOLATED FORM;;FCF7;;Ô≥∑;;FCF7
ARABIC LIGATURE AIN WITH ALEF MAKSURA FINAL FORM;;FD13;;Ô¥ì;;FD13
ARABIC LIGATURE AIN WITH YEH ISOLATED FORM;;FCF8;;Ô≥∏;;FCF8
ARABIC LIGATURE AIN WITH YEH FINAL FORM;;FD14;;Ô¥î;;FD14
ARABIC LETTER GHAIN ISOLATED FORM;;FECD;;Ôªç;;FECD
ARABIC LETTER GHAIN FINAL FORM;;FECE;;Ôªé;;FECE
ARABIC LETTER GHAIN INITIAL FORM;;FECF;;Ôªè;;FECF
ARABIC LETTER GHAIN MEDIAL FORM;;FED0;;Ôªê;;FED0
ARABIC MATHEMATICAL GHAIN;;1EE1B;;û∏õ;;1EE1B
ARABIC MATHEMATICAL INITIAL GHAIN;;1EE3B;;û∏ª;;1EE3B
ARABIC MATHEMATICAL TAILED GHAIN;;1EE5B;;ûπõ;;1EE5B
ARABIC MATHEMATICAL STRETCHED GHAIN;;1EE7B;;ûπª;;1EE7B
ARABIC MATHEMATICAL LOOPED GHAIN;;1EE9B;;û∫õ;;1EE9B
ARABIC MATHEMATICAL DOUBLE-STRUCK GHAIN;;1EEBB;;û∫ª;;1EEBB
ARABIC LIGATURE GHAIN WITH JEEM ISOLATED FORM;;FC2B;;Ô∞´;;FC2B
ARABIC LIGATURE GHAIN WITH JEEM INITIAL FORM;;FCBC;;Ô≤º;;FCBC
ARABIC LIGATURE GHAIN WITH MEEM ISOLATED FORM;;FC2C;;Ô∞¨;;FC2C
ARABIC LIGATURE GHAIN WITH MEEM INITIAL FORM;;FCBD;;Ô≤Ω;;FCBD
ARABIC LIGATURE GHAIN WITH MEEM WITH MEEM FINAL FORM;;FD79;;Ôµπ;;FD79
ARABIC LIGATURE GHAIN WITH MEEM WITH ALEF MAKSURA FINAL FORM;;FD7B;;Ôµª;;FD7B
ARABIC LIGATURE GHAIN WITH MEEM WITH YEH FINAL FORM;;FD7A;;Ôµ∫;;FD7A
ARABIC LIGATURE GHAIN WITH ALEF MAKSURA ISOLATED FORM;;FCF9;;Ô≥π;;FCF9
ARABIC LIGATURE GHAIN WITH ALEF MAKSURA FINAL FORM;;FD15;;Ô¥ï;;FD15
ARABIC LIGATURE GHAIN WITH YEH ISOLATED FORM;;FCFA;;Ô≥∫;;FCFA
ARABIC LIGATURE GHAIN WITH YEH FINAL FORM;;FD16;;Ô¥ñ;;FD16
ARABIC LETTER FEH ISOLATED FORM;;FED1;;Ôªë;;FED1
ARABIC LETTER FEH FINAL FORM;;FED2;;Ôªí;;FED2
ARABIC LETTER FEH INITIAL FORM;;FED3;;Ôªì;;FED3
ARABIC LETTER FEH MEDIAL FORM;;FED4;;Ôªî;;FED4
ARABIC MATHEMATICAL FEH;;1EE10;;û∏ê;;1EE10
ARABIC MATHEMATICAL INITIAL FEH;;1EE30;;û∏∞;;1EE30
ARABIC MATHEMATICAL STRETCHED FEH;;1EE70;;ûπ∞;;1EE70
ARABIC MATHEMATICAL LOOPED FEH;;1EE90;;û∫ê;;1EE90
ARABIC MATHEMATICAL DOUBLE-STRUCK FEH;;1EEB0;;û∫∞;;1EEB0
ARABIC LIGATURE FEH WITH JEEM ISOLATED FORM;;FC2D;;Ô∞≠;;FC2D
ARABIC LIGATURE FEH WITH JEEM INITIAL FORM;;FCBE;;Ô≤æ;;FCBE
ARABIC LIGATURE FEH WITH HAH ISOLATED FORM;;FC2E;;Ô∞Æ;;FC2E
ARABIC LIGATURE FEH WITH HAH INITIAL FORM;;FCBF;;Ô≤ø;;FCBF
ARABIC LIGATURE FEH WITH KHAH ISOLATED FORM;;FC2F;;Ô∞Ø;;FC2F
ARABIC LIGATURE FEH WITH KHAH INITIAL FORM;;FCC0;;Ô≥Ä;;FCC0
ARABIC LIGATURE FEH WITH KHAH WITH MEEM FINAL FORM;;FD7C;;Ôµº;;FD7C
ARABIC LIGATURE FEH WITH KHAH WITH MEEM INITIAL FORM;;FD7D;;ÔµΩ;;FD7D
ARABIC LIGATURE FEH WITH MEEM ISOLATED FORM;;FC30;;Ô∞∞;;FC30
ARABIC LIGATURE FEH WITH MEEM INITIAL FORM;;FCC1;;Ô≥Å;;FCC1
ARABIC LIGATURE FEH WITH MEEM WITH YEH FINAL FORM;;FDC1;;Ô∑Å;;FDC1
ARABIC LIGATURE FEH WITH ALEF MAKSURA ISOLATED FORM;;FC31;;Ô∞±;;FC31
ARABIC LIGATURE FEH WITH ALEF MAKSURA FINAL FORM;;FC7C;;Ô±º;;FC7C
ARABIC LIGATURE FEH WITH YEH ISOLATED FORM;;FC32;;Ô∞≤;;FC32
ARABIC LIGATURE FEH WITH YEH FINAL FORM;;FC7D;;Ô±Ω;;FC7D
ARABIC LETTER QAF ISOLATED FORM;;FED5;;Ôªï;;FED5
ARABIC LETTER QAF FINAL FORM;;FED6;;Ôªñ;;FED6
ARABIC LETTER QAF INITIAL FORM;;FED7;;Ôªó;;FED7
ARABIC LETTER QAF MEDIAL FORM;;FED8;;Ôªò;;FED8
ARABIC MATHEMATICAL QAF;;1EE12;;û∏í;;1EE12
ARABIC MATHEMATICAL INITIAL QAF;;1EE32;;û∏≤;;1EE32
ARABIC MATHEMATICAL TAILED QAF;;1EE52;;ûπí;;1EE52
ARABIC MATHEMATICAL STRETCHED QAF;;1EE72;;ûπ≤;;1EE72
ARABIC MATHEMATICAL LOOPED QAF;;1EE92;;û∫í;;1EE92
ARABIC MATHEMATICAL DOUBLE-STRUCK QAF;;1EEB2;;û∫≤;;1EEB2
ARABIC LIGATURE QAF WITH HAH ISOLATED FORM;;FC33;;Ô∞≥;;FC33
ARABIC LIGATURE QAF WITH HAH INITIAL FORM;;FCC2;;Ô≥Ç;;FCC2
ARABIC LIGATURE QALA USED AS KORANIC STOP SIGN ISOLATED FORM;;FDF1;;Ô∑±;;FDF1
ARABIC LIGATURE QAF WITH MEEM ISOLATED FORM;;FC34;;Ô∞¥;;FC34
ARABIC LIGATURE QAF WITH MEEM INITIAL FORM;;FCC3;;Ô≥É;;FCC3
ARABIC LIGATURE QAF WITH MEEM WITH HAH FINAL FORM;;FD7E;;Ôµæ;;FD7E
ARABIC LIGATURE QAF WITH MEEM WITH HAH INITIAL FORM;;FDB4;;Ô∂¥;;FDB4
ARABIC LIGATURE QAF WITH MEEM WITH MEEM FINAL FORM;;FD7F;;Ôµø;;FD7F
ARABIC LIGATURE QAF WITH MEEM WITH YEH FINAL FORM;;FDB2;;Ô∂≤;;FDB2
ARABIC LIGATURE QAF WITH ALEF MAKSURA ISOLATED FORM;;FC35;;Ô∞µ;;FC35
ARABIC LIGATURE QAF WITH ALEF MAKSURA FINAL FORM;;FC7E;;Ô±æ;;FC7E
ARABIC LIGATURE QAF WITH YEH ISOLATED FORM;;FC36;;Ô∞∂;;FC36
ARABIC LIGATURE QAF WITH YEH FINAL FORM;;FC7F;;Ô±ø;;FC7F
ARABIC LETTER KAF ISOLATED FORM;;FED9;;Ôªô;;FED9
ARABIC LETTER KAF FINAL FORM;;FEDA;;Ôªö;;FEDA
ARABIC LETTER KAF INITIAL FORM;;FEDB;;Ôªõ;;FEDB
ARABIC LETTER KAF MEDIAL FORM;;FEDC;;Ôªú;;FEDC
ARABIC MATHEMATICAL KAF;;1EE0A;;û∏ä;;1EE0A
ARABIC MATHEMATICAL INITIAL KAF;;1EE2A;;û∏™;;1EE2A
ARABIC MATHEMATICAL STRETCHED KAF;;1EE6A;;ûπ™;;1EE6A
ARABIC LIGATURE KAF WITH ALEF ISOLATED FORM;;FC37;;Ô∞∑;;FC37
ARABIC LIGATURE KAF WITH ALEF FINAL FORM;;FC80;;Ô≤Ä;;FC80
ARABIC LIGATURE KAF WITH JEEM ISOLATED FORM;;FC38;;Ô∞∏;;FC38
ARABIC LIGATURE KAF WITH JEEM INITIAL FORM;;FCC4;;Ô≥Ñ;;FCC4
ARABIC LIGATURE KAF WITH HAH ISOLATED FORM;;FC39;;Ô∞π;;FC39
ARABIC LIGATURE KAF WITH HAH INITIAL FORM;;FCC5;;Ô≥Ö;;FCC5
ARABIC LIGATURE KAF WITH KHAH ISOLATED FORM;;FC3A;;Ô∞∫;;FC3A
ARABIC LIGATURE KAF WITH KHAH INITIAL FORM;;FCC6;;Ô≥Ü;;FCC6
ARABIC LIGATURE KAF WITH LAM ISOLATED FORM;;FC3B;;Ô∞ª;;FC3B
ARABIC LIGATURE KAF WITH LAM FINAL FORM;;FC81;;Ô≤Å;;FC81
ARABIC LIGATURE KAF WITH LAM INITIAL FORM;;FCC7;;Ô≥á;;FCC7
ARABIC LIGATURE KAF WITH LAM MEDIAL FORM;;FCEB;;Ô≥´;;FCEB
ARABIC LIGATURE KAF WITH MEEM ISOLATED FORM;;FC3C;;Ô∞º;;FC3C
ARABIC LIGATURE KAF WITH MEEM FINAL FORM;;FC82;;Ô≤Ç;;FC82
ARABIC LIGATURE KAF WITH MEEM INITIAL FORM;;FCC8;;Ô≥à;;FCC8
ARABIC LIGATURE KAF WITH MEEM MEDIAL FORM;;FCEC;;Ô≥¨;;FCEC
ARABIC LIGATURE KAF WITH MEEM WITH MEEM FINAL FORM;;FDBB;;Ô∂ª;;FDBB
ARABIC LIGATURE KAF WITH MEEM WITH MEEM INITIAL FORM;;FDC3;;Ô∑É;;FDC3
ARABIC LIGATURE KAF WITH MEEM WITH YEH FINAL FORM;;FDB7;;Ô∂∑;;FDB7
ARABIC LIGATURE KAF WITH ALEF MAKSURA ISOLATED FORM;;FC3D;;Ô∞Ω;;FC3D
ARABIC LIGATURE KAF WITH ALEF MAKSURA FINAL FORM;;FC83;;Ô≤É;;FC83
ARABIC LIGATURE KAF WITH YEH ISOLATED FORM;;FC3E;;Ô∞æ;;FC3E
ARABIC LIGATURE KAF WITH YEH FINAL FORM;;FC84;;Ô≤Ñ;;FC84
ARABIC LETTER LAM ISOLATED FORM;;FEDD;;Ôªù;;FEDD
ARABIC LETTER LAM FINAL FORM;;FEDE;;Ôªû;;FEDE
ARABIC LETTER LAM INITIAL FORM;;FEDF;;Ôªü;;FEDF
ARABIC LETTER LAM MEDIAL FORM;;FEE0;;Ôª†;;FEE0
ARABIC MATHEMATICAL LAM;;1EE0B;;û∏ã;;1EE0B
ARABIC MATHEMATICAL INITIAL LAM;;1EE2B;;û∏´;;1EE2B
ARABIC MATHEMATICAL TAILED LAM;;1EE4B;;ûπã;;1EE4B
ARABIC MATHEMATICAL LOOPED LAM;;1EE8B;;û∫ã;;1EE8B
ARABIC MATHEMATICAL DOUBLE-STRUCK LAM;;1EEAB;;û∫´;;1EEAB
ARABIC LIGATURE LAM WITH ALEF ISOLATED FORM;;FEFB;;Ôªª;;FEFB
ARABIC LIGATURE LAM WITH ALEF FINAL FORM;;FEFC;;Ôªº;;FEFC
ARABIC LIGATURE LAM WITH ALEF WITH MADDA ABOVE ISOLATED FORM;;FEF5;;Ôªµ;;FEF5
ARABIC LIGATURE LAM WITH ALEF WITH MADDA ABOVE FINAL FORM;;FEF6;;Ôª∂;;FEF6
ARABIC LIGATURE LAM WITH ALEF WITH HAMZA ABOVE ISOLATED FORM;;FEF7;;Ôª∑;;FEF7
ARABIC LIGATURE LAM WITH ALEF WITH HAMZA ABOVE FINAL FORM;;FEF8;;Ôª∏;;FEF8
ARABIC LIGATURE LAM WITH ALEF WITH HAMZA BELOW ISOLATED FORM;;FEF9;;Ôªπ;;FEF9
ARABIC LIGATURE LAM WITH ALEF WITH HAMZA BELOW FINAL FORM;;FEFA;;Ôª∫;;FEFA
ARABIC LIGATURE LAM WITH JEEM ISOLATED FORM;;FC3F;;Ô∞ø;;FC3F
ARABIC LIGATURE LAM WITH JEEM INITIAL FORM;;FCC9;;Ô≥â;;FCC9
ARABIC LIGATURE LAM WITH JEEM WITH JEEM INITIAL FORM;;FD83;;Ô∂É;;FD83
ARABIC LIGATURE LAM WITH JEEM WITH JEEM FINAL FORM;;FD84;;Ô∂Ñ;;FD84
ARABIC LIGATURE LAM WITH JEEM WITH MEEM INITIAL FORM;;FDBA;;Ô∂∫;;FDBA
ARABIC LIGATURE LAM WITH JEEM WITH MEEM FINAL FORM;;FDBC;;Ô∂º;;FDBC
ARABIC LIGATURE LAM WITH JEEM WITH YEH FINAL FORM;;FDAC;;Ô∂¨;;FDAC
ARABIC LIGATURE LAM WITH HAH ISOLATED FORM;;FC40;;Ô±Ä;;FC40
ARABIC LIGATURE LAM WITH HAH INITIAL FORM;;FCCA;;Ô≥ä;;FCCA
ARABIC LIGATURE LAM WITH HAH WITH MEEM FINAL FORM;;FD80;;Ô∂Ä;;FD80
ARABIC LIGATURE LAM WITH HAH WITH MEEM INITIAL FORM;;FDB5;;Ô∂µ;;FDB5
ARABIC LIGATURE LAM WITH HAH WITH ALEF MAKSURA FINAL FORM;;FD82;;Ô∂Ç;;FD82
ARABIC LIGATURE LAM WITH HAH WITH YEH FINAL FORM;;FD81;;Ô∂Å;;FD81
ARABIC LIGATURE LAM WITH KHAH ISOLATED FORM;;FC41;;Ô±Å;;FC41
ARABIC LIGATURE LAM WITH KHAH INITIAL FORM;;FCCB;;Ô≥ã;;FCCB
ARABIC LIGATURE LAM WITH KHAH WITH MEEM FINAL FORM;;FD85;;Ô∂Ö;;FD85
ARABIC LIGATURE LAM WITH KHAH WITH MEEM INITIAL FORM;;FD86;;Ô∂Ü;;FD86
ARABIC LIGATURE LAM WITH MEEM ISOLATED FORM;;FC42;;Ô±Ç;;FC42
ARABIC LIGATURE LAM WITH MEEM FINAL FORM;;FC85;;Ô≤Ö;;FC85
ARABIC LIGATURE LAM WITH MEEM INITIAL FORM;;FCCC;;Ô≥å;;FCCC
ARABIC LIGATURE LAM WITH MEEM MEDIAL FORM;;FCED;;Ô≥≠;;FCED
ARABIC LIGATURE LAM WITH MEEM WITH HAH FINAL FORM;;FD87;;Ô∂á;;FD87
ARABIC LIGATURE LAM WITH MEEM WITH HAH INITIAL FORM;;FD88;;Ô∂à;;FD88
ARABIC LIGATURE LAM WITH MEEM WITH YEH FINAL FORM;;FDAD;;Ô∂≠;;FDAD
ARABIC LIGATURE LAM WITH HEH INITIAL FORM;;FCCD;;Ô≥ç;;FCCD
ARABIC LIGATURE LAM WITH ALEF MAKSURA ISOLATED FORM;;FC43;;Ô±É;;FC43
ARABIC LIGATURE LAM WITH ALEF MAKSURA FINAL FORM;;FC86;;Ô≤Ü;;FC86
ARABIC LIGATURE LAM WITH YEH ISOLATED FORM;;FC44;;Ô±Ñ;;FC44
ARABIC LIGATURE LAM WITH YEH FINAL FORM;;FC87;;Ô≤á;;FC87
ARABIC LETTER MEEM ISOLATED FORM;;FEE1;;Ôª°;;FEE1
ARABIC LETTER MEEM FINAL FORM;;FEE2;;Ôª¢;;FEE2
ARABIC LETTER MEEM INITIAL FORM;;FEE3;;Ôª£;;FEE3
ARABIC LETTER MEEM MEDIAL FORM;;FEE4;;Ôª§;;FEE4
ARABIC MATHEMATICAL MEEM;;1EE0C;;û∏å;;1EE0C
ARABIC MATHEMATICAL INITIAL MEEM;;1EE2C;;û∏¨;;1EE2C
ARABIC MATHEMATICAL STRETCHED MEEM;;1EE6C;;ûπ¨;;1EE6C
ARABIC MATHEMATICAL LOOPED MEEM;;1EE8C;;û∫å;;1EE8C
ARABIC MATHEMATICAL DOUBLE-STRUCK MEEM;;1EEAC;;û∫¨;;1EEAC
ARABIC LIGATURE MEEM WITH ALEF FINAL FORM;;FC88;;Ô≤à;;FC88
ARABIC LIGATURE MEEM WITH JEEM ISOLATED FORM;;FC45;;Ô±Ö;;FC45
ARABIC LIGATURE MEEM WITH JEEM INITIAL FORM;;FCCE;;Ô≥é;;FCCE
ARABIC LIGATURE MEEM WITH JEEM WITH HAH INITIAL FORM;;FD8C;;Ô∂å;;FD8C
ARABIC LIGATURE MEEM WITH JEEM WITH KHAH INITIAL FORM;;FD92;;Ô∂í;;FD92
ARABIC LIGATURE MEEM WITH JEEM WITH MEEM INITIAL FORM;;FD8D;;Ô∂ç;;FD8D
ARABIC LIGATURE MEEM WITH JEEM WITH YEH FINAL FORM;;FDC0;;Ô∑Ä;;FDC0
ARABIC LIGATURE MEEM WITH HAH ISOLATED FORM;;FC46;;Ô±Ü;;FC46
ARABIC LIGATURE MEEM WITH HAH INITIAL FORM;;FCCF;;Ô≥è;;FCCF
ARABIC LIGATURE MEEM WITH HAH WITH JEEM INITIAL FORM;;FD89;;Ô∂â;;FD89
ARABIC LIGATURE MEEM WITH HAH WITH MEEM INITIAL FORM;;FD8A;;Ô∂ä;;FD8A
ARABIC LIGATURE MOHAMMAD ISOLATED FORM;;FDF4;;Ô∑¥;;FDF4
ARABIC LIGATURE MEEM WITH HAH WITH YEH FINAL FORM;;FD8B;;Ô∂ã;;FD8B
ARABIC LIGATURE MEEM WITH KHAH ISOLATED FORM;;FC47;;Ô±á;;FC47
ARABIC LIGATURE MEEM WITH KHAH INITIAL FORM;;FCD0;;Ô≥ê;;FCD0
ARABIC LIGATURE MEEM WITH KHAH WITH JEEM INITIAL FORM;;FD8E;;Ô∂é;;FD8E
ARABIC LIGATURE MEEM WITH KHAH WITH MEEM INITIAL FORM;;FD8F;;Ô∂è;;FD8F
ARABIC LIGATURE MEEM WITH KHAH WITH YEH FINAL FORM;;FDB9;;Ô∂π;;FDB9
ARABIC LIGATURE MEEM WITH MEEM ISOLATED FORM;;FC48;;Ô±à;;FC48
ARABIC LIGATURE MEEM WITH MEEM FINAL FORM;;FC89;;Ô≤â;;FC89
ARABIC LIGATURE MEEM WITH MEEM INITIAL FORM;;FCD1;;Ô≥ë;;FCD1
ARABIC LIGATURE MEEM WITH MEEM WITH YEH FINAL FORM;;FDB1;;Ô∂±;;FDB1
ARABIC LIGATURE MEEM WITH ALEF MAKSURA ISOLATED FORM;;FC49;;Ô±â;;FC49
ARABIC LIGATURE MEEM WITH YEH ISOLATED FORM;;FC4A;;Ô±ä;;FC4A
ARABIC LETTER NOON ISOLATED FORM;;FEE5;;Ôª•;;FEE5
ARABIC LETTER NOON FINAL FORM;;FEE6;;Ôª¶;;FEE6
ARABIC LETTER NOON INITIAL FORM;;FEE7;;Ôªß;;FEE7
ARABIC LETTER NOON MEDIAL FORM;;FEE8;;Ôª®;;FEE8
ARABIC MATHEMATICAL NOON;;1EE0D;;û∏ç;;1EE0D
ARABIC MATHEMATICAL INITIAL NOON;;1EE2D;;û∏≠;;1EE2D
ARABIC MATHEMATICAL TAILED NOON;;1EE4D;;ûπç;;1EE4D
ARABIC MATHEMATICAL STRETCHED NOON;;1EE6D;;ûπ≠;;1EE6D
ARABIC MATHEMATICAL LOOPED NOON;;1EE8D;;û∫ç;;1EE8D
ARABIC MATHEMATICAL DOUBLE-STRUCK NOON;;1EEAD;;û∫≠;;1EEAD
ARABIC LIGATURE NOON WITH JEEM ISOLATED FORM;;FC4B;;Ô±ã;;FC4B
ARABIC LIGATURE NOON WITH JEEM INITIAL FORM;;FCD2;;Ô≥í;;FCD2
ARABIC LIGATURE NOON WITH JEEM WITH HAH INITIAL FORM;;FDB8;;Ô∂∏;;FDB8
ARABIC LIGATURE NOON WITH JEEM WITH HAH FINAL FORM;;FDBD;;Ô∂Ω;;FDBD
ARABIC LIGATURE NOON WITH JEEM WITH MEEM FINAL FORM;;FD97;;Ô∂ó;;FD97
ARABIC LIGATURE NOON WITH JEEM WITH MEEM INITIAL FORM;;FD98;;Ô∂ò;;FD98
ARABIC LIGATURE NOON WITH JEEM WITH ALEF MAKSURA FINAL FORM;;FD99;;Ô∂ô;;FD99
ARABIC LIGATURE NOON WITH JEEM WITH YEH FINAL FORM;;FDC7;;Ô∑á;;FDC7
ARABIC LIGATURE NOON WITH HAH ISOLATED FORM;;FC4C;;Ô±å;;FC4C
ARABIC LIGATURE NOON WITH HAH INITIAL FORM;;FCD3;;Ô≥ì;;FCD3
ARABIC LIGATURE NOON WITH HAH WITH MEEM INITIAL FORM;;FD95;;Ô∂ï;;FD95
ARABIC LIGATURE NOON WITH HAH WITH ALEF MAKSURA FINAL FORM;;FD96;;Ô∂ñ;;FD96
ARABIC LIGATURE NOON WITH HAH WITH YEH FINAL FORM;;FDB3;;Ô∂≥;;FDB3
ARABIC LIGATURE NOON WITH KHAH ISOLATED FORM;;FC4D;;Ô±ç;;FC4D
ARABIC LIGATURE NOON WITH KHAH INITIAL FORM;;FCD4;;Ô≥î;;FCD4
ARABIC LIGATURE NOON WITH REH FINAL FORM;;FC8A;;Ô≤ä;;FC8A
ARABIC LIGATURE NOON WITH ZAIN FINAL FORM;;FC8B;;Ô≤ã;;FC8B
ARABIC LIGATURE NOON WITH MEEM ISOLATED FORM;;FC4E;;Ô±é;;FC4E
ARABIC LIGATURE NOON WITH MEEM FINAL FORM;;FC8C;;Ô≤å;;FC8C
ARABIC LIGATURE NOON WITH MEEM INITIAL FORM;;FCD5;;Ô≥ï;;FCD5
ARABIC LIGATURE NOON WITH MEEM MEDIAL FORM;;FCEE;;Ô≥Æ;;FCEE
ARABIC LIGATURE NOON WITH MEEM WITH ALEF MAKSURA FINAL FORM;;FD9B;;Ô∂õ;;FD9B
ARABIC LIGATURE NOON WITH MEEM WITH YEH FINAL FORM;;FD9A;;Ô∂ö;;FD9A
ARABIC LIGATURE NOON WITH NOON FINAL FORM;;FC8D;;Ô≤ç;;FC8D
ARABIC LIGATURE NOON WITH HEH INITIAL FORM;;FCD6;;Ô≥ñ;;FCD6
ARABIC LIGATURE NOON WITH HEH MEDIAL FORM;;FCEF;;Ô≥Ø;;FCEF
ARABIC LIGATURE NOON WITH ALEF MAKSURA ISOLATED FORM;;FC4F;;Ô±è;;FC4F
ARABIC LIGATURE NOON WITH ALEF MAKSURA FINAL FORM;;FC8E;;Ô≤é;;FC8E
ARABIC LIGATURE NOON WITH YEH ISOLATED FORM;;FC50;;Ô±ê;;FC50
ARABIC LIGATURE NOON WITH YEH FINAL FORM;;FC8F;;Ô≤è;;FC8F
ARABIC LETTER HEH ISOLATED FORM;;FEE9;;Ôª©;;FEE9
ARABIC LETTER HEH FINAL FORM;;FEEA;;Ôª™;;FEEA
ARABIC LETTER HEH INITIAL FORM;;FEEB;;Ôª´;;FEEB
ARABIC LETTER HEH MEDIAL FORM;;FEEC;;Ôª¨;;FEEC
ARABIC MATHEMATICAL INITIAL HEH;;1EE24;;û∏§;;1EE24
ARABIC MATHEMATICAL STRETCHED HEH;;1EE64;;ûπ§;;1EE64
ARABIC MATHEMATICAL LOOPED HEH;;1EE84;;û∫Ñ;;1EE84
ARABIC LIGATURE HEH WITH JEEM ISOLATED FORM;;FC51;;Ô±ë;;FC51
ARABIC LIGATURE HEH WITH JEEM INITIAL FORM;;FCD7;;Ô≥ó;;FCD7
ARABIC LIGATURE HEH WITH MEEM ISOLATED FORM;;FC52;;Ô±í;;FC52
ARABIC LIGATURE HEH WITH MEEM INITIAL FORM;;FCD8;;Ô≥ò;;FCD8
ARABIC LIGATURE HEH WITH MEEM WITH JEEM INITIAL FORM;;FD93;;Ô∂ì;;FD93
ARABIC LIGATURE HEH WITH MEEM WITH MEEM INITIAL FORM;;FD94;;Ô∂î;;FD94
ARABIC LIGATURE HEH WITH ALEF MAKSURA ISOLATED FORM;;FC53;;Ô±ì;;FC53
ARABIC LIGATURE HEH WITH YEH ISOLATED FORM;;FC54;;Ô±î;;FC54
ARABIC LIGATURE HEH WITH SUPERSCRIPT ALEF INITIAL FORM;;FCD9;;Ô≥ô;;FCD9
ARABIC LETTER WAW ISOLATED FORM;;FEED;;Ôª≠;;FEED
ARABIC LETTER WAW FINAL FORM;;FEEE;;ÔªÆ;;FEEE
ARABIC MATHEMATICAL WAW;;1EE05;;û∏Ö;;1EE05
ARABIC MATHEMATICAL LOOPED WAW;;1EE85;;û∫Ö;;1EE85
ARABIC MATHEMATICAL DOUBLE-STRUCK WAW;;1EEA5;;û∫•;;1EEA5
ARABIC LIGATURE WASALLAM ISOLATED FORM;;FDF8;;Ô∑∏;;FDF8
ARABIC LETTER WAW WITH HAMZA ABOVE;;0624;;ÿ§;;0648 0654
ARABIC LETTER WAW WITH HAMZA ABOVE ISOLATED FORM;;FE85;;Ô∫Ö;;FE85
ARABIC LETTER WAW WITH HAMZA ABOVE FINAL FORM;;FE86;;Ô∫Ü;;FE86
ARABIC LETTER HIGH HAMZA WAW;;0676;;Ÿ∂;;0676
ARABIC LETTER UIGHUR KAZAKH KIRGHIZ ALEF MAKSURA INITIAL FORM;;FBE8;;ÔØ®;;FBE8
ARABIC LETTER UIGHUR KAZAKH KIRGHIZ ALEF MAKSURA MEDIAL FORM;;FBE9;;ÔØ©;;FBE9
ARABIC LETTER ALEF MAKSURA ISOLATED FORM;;FEEF;;ÔªØ;;FEEF
ARABIC LETTER ALEF MAKSURA FINAL FORM;;FEF0;;Ôª∞;;FEF0
ARABIC LIGATURE ALEF MAKSURA WITH SUPERSCRIPT ALEF ISOLATED FORM;;FC5D;;Ô±ù;;FC5D
ARABIC LIGATURE ALEF MAKSURA WITH SUPERSCRIPT ALEF FINAL FORM;;FC90;;Ô≤ê;;FC90
ARABIC LETTER YEH ISOLATED FORM;;FEF1;;Ôª±;;FEF1
ARABIC LETTER YEH FINAL FORM;;FEF2;;Ôª≤;;FEF2
ARABIC LETTER YEH INITIAL FORM;;FEF3;;Ôª≥;;FEF3
ARABIC LETTER YEH MEDIAL FORM;;FEF4;;Ôª¥;;FEF4
ARABIC MATHEMATICAL YEH;;1EE09;;û∏â;;1EE09
ARABIC MATHEMATICAL INITIAL YEH;;1EE29;;û∏©;;1EE29
ARABIC MATHEMATICAL TAILED YEH;;1EE49;;ûπâ;;1EE49
ARABIC MATHEMATICAL STRETCHED YEH;;1EE69;;ûπ©;;1EE69
ARABIC MATHEMATICAL LOOPED YEH;;1EE89;;û∫â;;1EE89
ARABIC MATHEMATICAL DOUBLE-STRUCK YEH;;1EEA9;;û∫©;;1EEA9
ARABIC LIGATURE YEH WITH JEEM ISOLATED FORM;;FC55;;Ô±ï;;FC55
ARABIC LIGATURE YEH WITH JEEM INITIAL FORM;;FCDA;;Ô≥ö;;FCDA
ARABIC LIGATURE YEH WITH JEEM WITH YEH FINAL FORM;;FDAF;;Ô∂Ø;;FDAF
ARABIC LIGATURE YEH WITH HAH ISOLATED FORM;;FC56;;Ô±ñ;;FC56
ARABIC LIGATURE YEH WITH HAH INITIAL FORM;;FCDB;;Ô≥õ;;FCDB
ARABIC LIGATURE YEH WITH HAH WITH YEH FINAL FORM;;FDAE;;Ô∂Æ;;FDAE
ARABIC LIGATURE YEH WITH KHAH ISOLATED FORM;;FC57;;Ô±ó;;FC57
ARABIC LIGATURE YEH WITH KHAH INITIAL FORM;;FCDC;;Ô≥ú;;FCDC
ARABIC LIGATURE YEH WITH REH FINAL FORM;;FC91;;Ô≤ë;;FC91
ARABIC LIGATURE YEH WITH ZAIN FINAL FORM;;FC92;;Ô≤í;;FC92
ARABIC LIGATURE YEH WITH MEEM ISOLATED FORM;;FC58;;Ô±ò;;FC58
ARABIC LIGATURE YEH WITH MEEM FINAL FORM;;FC93;;Ô≤ì;;FC93
ARABIC LIGATURE YEH WITH MEEM INITIAL FORM;;FCDD;;Ô≥ù;;FCDD
ARABIC LIGATURE YEH WITH MEEM MEDIAL FORM;;FCF0;;Ô≥∞;;FCF0
ARABIC LIGATURE YEH WITH MEEM WITH MEEM FINAL FORM;;FD9C;;Ô∂ú;;FD9C
ARABIC LIGATURE YEH WITH MEEM WITH MEEM INITIAL FORM;;FD9D;;Ô∂ù;;FD9D
ARABIC LIGATURE YEH WITH MEEM WITH YEH FINAL FORM;;FDB0;;Ô∂∞;;FDB0
ARABIC LIGATURE YEH WITH NOON FINAL FORM;;FC94;;Ô≤î;;FC94
ARABIC LIGATURE YEH WITH HEH INITIAL FORM;;FCDE;;Ô≥û;;FCDE
ARABIC LIGATURE YEH WITH HEH MEDIAL FORM;;FCF1;;Ô≥±;;FCF1
ARABIC LIGATURE YEH WITH ALEF MAKSURA ISOLATED FORM;;FC59;;Ô±ô;;FC59
ARABIC LIGATURE YEH WITH ALEF MAKSURA FINAL FORM;;FC95;;Ô≤ï;;FC95
ARABIC LIGATURE YEH WITH YEH ISOLATED FORM;;FC5A;;Ô±ö;;FC5A
ARABIC LIGATURE YEH WITH YEH FINAL FORM;;FC96;;Ô≤ñ;;FC96
ARABIC LETTER YEH WITH HAMZA ABOVE;;0626;;ÿ¶;;064A 0654
ARABIC LETTER YEH WITH HAMZA ABOVE ISOLATED FORM;;FE89;;Ô∫â;;FE89
ARABIC LETTER YEH WITH HAMZA ABOVE FINAL FORM;;FE8A;;Ô∫ä;;FE8A
ARABIC LETTER YEH WITH HAMZA ABOVE INITIAL FORM;;FE8B;;Ô∫ã;;FE8B
ARABIC LETTER YEH WITH HAMZA ABOVE MEDIAL FORM;;FE8C;;Ô∫å;;FE8C
ARABIC LIGATURE YEH WITH HAMZA ABOVE WITH ALEF ISOLATED FORM;;FBEA;;ÔØ™;;FBEA
ARABIC LIGATURE YEH WITH HAMZA ABOVE WITH ALEF FINAL FORM;;FBEB;;ÔØ´;;FBEB
ARABIC LIGATURE YEH WITH HAMZA ABOVE WITH JEEM ISOLATED FORM;;FC00;;Ô∞Ä;;FC00
ARABIC LIGATURE YEH WITH HAMZA ABOVE WITH JEEM INITIAL FORM;;FC97;;Ô≤ó;;FC97
ARABIC LIGATURE YEH WITH HAMZA ABOVE WITH HAH ISOLATED FORM;;FC01;;Ô∞Å;;FC01
ARABIC LIGATURE YEH WITH HAMZA ABOVE WITH HAH INITIAL FORM;;FC98;;Ô≤ò;;FC98
ARABIC LIGATURE YEH WITH HAMZA ABOVE WITH KHAH INITIAL FORM;;FC99;;Ô≤ô;;FC99
ARABIC LIGATURE YEH WITH HAMZA ABOVE WITH REH FINAL FORM;;FC64;;Ô±§;;FC64
ARABIC LIGATURE YEH WITH HAMZA ABOVE WITH ZAIN FINAL FORM;;FC65;;Ô±•;;FC65
ARABIC LIGATURE YEH WITH HAMZA ABOVE WITH MEEM ISOLATED FORM;;FC02;;Ô∞Ç;;FC02
ARABIC LIGATURE YEH WITH HAMZA ABOVE WITH MEEM FINAL FORM;;FC66;;Ô±¶;;FC66
ARABIC LIGATURE YEH WITH HAMZA ABOVE WITH MEEM INITIAL FORM;;FC9A;;Ô≤ö;;FC9A
ARABIC LIGATURE YEH WITH HAMZA ABOVE WITH MEEM MEDIAL FORM;;FCDF;;Ô≥ü;;FCDF
ARABIC LIGATURE YEH WITH HAMZA ABOVE WITH NOON FINAL FORM;;FC67;;Ô±ß;;FC67
ARABIC LIGATURE YEH WITH HAMZA ABOVE WITH HEH INITIAL FORM;;FC9B;;Ô≤õ;;FC9B
ARABIC LIGATURE YEH WITH HAMZA ABOVE WITH HEH MEDIAL FORM;;FCE0;;Ô≥†;;FCE0
ARABIC LIGATURE YEH WITH HAMZA ABOVE WITH WAW ISOLATED FORM;;FBEE;;ÔØÆ;;FBEE
ARABIC LIGATURE YEH WITH HAMZA ABOVE WITH WAW FINAL FORM;;FBEF;;ÔØØ;;FBEF
ARABIC LIGATURE UIGHUR KIRGHIZ YEH WITH HAMZA ABOVE WITH ALEF MAKSURA ISOLATED FORM;;FBF9;;ÔØπ;;FBF9
ARABIC LIGATURE UIGHUR KIRGHIZ YEH WITH HAMZA ABOVE WITH ALEF MAKSURA FINAL FORM;;FBFA;;ÔØ∫;;FBFA
ARABIC LIGATURE UIGHUR KIRGHIZ YEH WITH HAMZA ABOVE WITH ALEF MAKSURA INITIAL FORM;;FBFB;;ÔØª;;FBFB
ARABIC LIGATURE YEH WITH HAMZA ABOVE WITH ALEF MAKSURA ISOLATED FORM;;FC03;;Ô∞É;;FC03
ARABIC LIGATURE YEH WITH HAMZA ABOVE WITH ALEF MAKSURA FINAL FORM;;FC68;;Ô±®;;FC68
ARABIC LIGATURE YEH WITH HAMZA ABOVE WITH YEH ISOLATED FORM;;FC04;;Ô∞Ñ;;FC04
ARABIC LIGATURE YEH WITH HAMZA ABOVE WITH YEH FINAL FORM;;FC69;;Ô±©;;FC69
ARABIC LIGATURE YEH WITH HAMZA ABOVE WITH OE ISOLATED FORM;;FBF2;;ÔØ≤;;FBF2
ARABIC LIGATURE YEH WITH HAMZA ABOVE WITH OE FINAL FORM;;FBF3;;ÔØ≥;;FBF3
ARABIC LIGATURE YEH WITH HAMZA ABOVE WITH U ISOLATED FORM;;FBF0;;ÔØ∞;;FBF0
ARABIC LIGATURE YEH WITH HAMZA ABOVE WITH U FINAL FORM;;FBF1;;ÔØ±;;FBF1
ARABIC LIGATURE YEH WITH HAMZA ABOVE WITH YU ISOLATED FORM;;FBF4;;ÔØ¥;;FBF4
ARABIC LIGATURE YEH WITH HAMZA ABOVE WITH YU FINAL FORM;;FBF5;;ÔØµ;;FBF5
ARABIC LIGATURE YEH WITH HAMZA ABOVE WITH E ISOLATED FORM;;FBF6;;ÔØ∂;;FBF6
ARABIC LIGATURE YEH WITH HAMZA ABOVE WITH E FINAL FORM;;FBF7;;ÔØ∑;;FBF7
ARABIC LIGATURE YEH WITH HAMZA ABOVE WITH E INITIAL FORM;;FBF8;;ÔØ∏;;FBF8
ARABIC LIGATURE YEH WITH HAMZA ABOVE WITH AE ISOLATED FORM;;FBEC;;ÔØ¨;;FBEC
ARABIC LIGATURE YEH WITH HAMZA ABOVE WITH AE FINAL FORM;;FBED;;ÔØ≠;;FBED
ARABIC LETTER HIGH HAMZA YEH;;0678;;Ÿ∏;;0678
ARABIC MATHEMATICAL DOTLESS BEH;;1EE1C;;û∏ú;;1EE1C
ARABIC MATHEMATICAL STRETCHED DOTLESS BEH;;1EE7C;;ûπº;;1EE7C
ARABIC MATHEMATICAL DOTLESS QAF;;1EE1F;;û∏ü;;1EE1F
ARABIC MATHEMATICAL TAILED DOTLESS QAF;;1EE5F;;ûπü;;1EE5F
ARABIC LETTER ALEF WASLA ISOLATED FORM;;FB50;;Ô≠ê;;FB50
ARABIC LETTER ALEF WASLA FINAL FORM;;FB51;;Ô≠ë;;FB51
ARABIC LETTER TTEH ISOLATED FORM;;FB66;;Ô≠¶;;FB66
ARABIC LETTER TTEH FINAL FORM;;FB67;;Ô≠ß;;FB67
ARABIC LETTER TTEH INITIAL FORM;;FB68;;Ô≠®;;FB68
ARABIC LETTER TTEH MEDIAL FORM;;FB69;;Ô≠©;;FB69
ARABIC LETTER TTEHEH ISOLATED FORM;;FB5E;;Ô≠û;;FB5E
ARABIC LETTER TTEHEH FINAL FORM;;FB5F;;Ô≠ü;;FB5F
ARABIC LETTER TTEHEH INITIAL FORM;;FB60;;Ô≠†;;FB60
ARABIC LETTER TTEHEH MEDIAL FORM;;FB61;;Ô≠°;;FB61
ARABIC LETTER BEEH ISOLATED FORM;;FB52;;Ô≠í;;FB52
ARABIC LETTER BEEH FINAL FORM;;FB53;;Ô≠ì;;FB53
ARABIC LETTER BEEH INITIAL FORM;;FB54;;Ô≠î;;FB54
ARABIC LETTER BEEH MEDIAL FORM;;FB55;;Ô≠ï;;FB55
ARABIC LETTER PEH ISOLATED FORM;;FB56;;Ô≠ñ;;FB56
ARABIC LETTER PEH FINAL FORM;;FB57;;Ô≠ó;;FB57
ARABIC LETTER PEH INITIAL FORM;;FB58;;Ô≠ò;;FB58
ARABIC LETTER PEH MEDIAL FORM;;FB59;;Ô≠ô;;FB59
ARABIC LETTER TEHEH ISOLATED FORM;;FB62;;Ô≠¢;;FB62
ARABIC LETTER TEHEH FINAL FORM;;FB63;;Ô≠£;;FB63
ARABIC LETTER TEHEH INITIAL FORM;;FB64;;Ô≠§;;FB64
ARABIC LETTER TEHEH MEDIAL FORM;;FB65;;Ô≠•;;FB65
ARABIC LETTER BEHEH ISOLATED FORM;;FB5A;;Ô≠ö;;FB5A
ARABIC LETTER BEHEH FINAL FORM;;FB5B;;Ô≠õ;;FB5B
ARABIC LETTER BEHEH INITIAL FORM;;FB5C;;Ô≠ú;;FB5C
ARABIC LETTER BEHEH MEDIAL FORM;;FB5D;;Ô≠ù;;FB5D
ARABIC LETTER NYEH ISOLATED FORM;;FB76;;Ô≠∂;;FB76
ARABIC LETTER NYEH FINAL FORM;;FB77;;Ô≠∑;;FB77
ARABIC LETTER NYEH INITIAL FORM;;FB78;;Ô≠∏;;FB78
ARABIC LETTER NYEH MEDIAL FORM;;FB79;;Ô≠π;;FB79
ARABIC LETTER DYEH ISOLATED FORM;;FB72;;Ô≠≤;;FB72
ARABIC LETTER DYEH FINAL FORM;;FB73;;Ô≠≥;;FB73
ARABIC LETTER DYEH INITIAL FORM;;FB74;;Ô≠¥;;FB74
ARABIC LETTER DYEH MEDIAL FORM;;FB75;;Ô≠µ;;FB75
ARABIC LETTER TCHEH ISOLATED FORM;;FB7A;;Ô≠∫;;FB7A
ARABIC LETTER TCHEH FINAL FORM;;FB7B;;Ô≠ª;;FB7B
ARABIC LETTER TCHEH INITIAL FORM;;FB7C;;Ô≠º;;FB7C
ARABIC LETTER TCHEH MEDIAL FORM;;FB7D;;Ô≠Ω;;FB7D
ARABIC LETTER TCHEHEH ISOLATED FORM;;FB7E;;Ô≠æ;;FB7E
ARABIC LETTER TCHEHEH FINAL FORM;;FB7F;;Ô≠ø;;FB7F
ARABIC LETTER TCHEHEH INITIAL FORM;;FB80;;ÔÆÄ;;FB80
ARABIC LETTER TCHEHEH MEDIAL FORM;;FB81;;ÔÆÅ;;FB81
ARABIC LETTER DDAL ISOLATED FORM;;FB88;;ÔÆà;;FB88
ARABIC LETTER DDAL FINAL FORM;;FB89;;ÔÆâ;;FB89
ARABIC LETTER DAHAL ISOLATED FORM;;FB84;;ÔÆÑ;;FB84
ARABIC LETTER DAHAL FINAL FORM;;FB85;;ÔÆÖ;;FB85
ARABIC LETTER DDAHAL ISOLATED FORM;;FB82;;ÔÆÇ;;FB82
ARABIC LETTER DDAHAL FINAL FORM;;FB83;;ÔÆÉ;;FB83
ARABIC LETTER DUL ISOLATED FORM;;FB86;;ÔÆÜ;;FB86
ARABIC LETTER DUL FINAL FORM;;FB87;;ÔÆá;;FB87
ARABIC LETTER RREH ISOLATED FORM;;FB8C;;ÔÆå;;FB8C
ARABIC LETTER RREH FINAL FORM;;FB8D;;ÔÆç;;FB8D
ARABIC LETTER JEH ISOLATED FORM;;FB8A;;ÔÆä;;FB8A
ARABIC LETTER JEH FINAL FORM;;FB8B;;ÔÆã;;FB8B
ARABIC MATHEMATICAL DOTLESS FEH;;1EE1E;;û∏û;;1EE1E
ARABIC MATHEMATICAL STRETCHED DOTLESS FEH;;1EE7E;;ûπæ;;1EE7E
ARABIC LETTER VEH ISOLATED FORM;;FB6A;;Ô≠™;;FB6A
ARABIC LETTER VEH FINAL FORM;;FB6B;;Ô≠´;;FB6B
ARABIC LETTER VEH INITIAL FORM;;FB6C;;Ô≠¨;;FB6C
ARABIC LETTER VEH MEDIAL FORM;;FB6D;;Ô≠≠;;FB6D
ARABIC LETTER PEHEH ISOLATED FORM;;FB6E;;Ô≠Æ;;FB6E
ARABIC LETTER PEHEH FINAL FORM;;FB6F;;Ô≠Ø;;FB6F
ARABIC LETTER PEHEH INITIAL FORM;;FB70;;Ô≠∞;;FB70
ARABIC LETTER PEHEH MEDIAL FORM;;FB71;;Ô≠±;;FB71
ARABIC LETTER KEHEH ISOLATED FORM;;FB8E;;ÔÆé;;FB8E
ARABIC LETTER KEHEH FINAL FORM;;FB8F;;ÔÆè;;FB8F
ARABIC LETTER KEHEH INITIAL FORM;;FB90;;ÔÆê;;FB90
ARABIC LETTER KEHEH MEDIAL FORM;;FB91;;ÔÆë;;FB91
ARABIC LETTER NG ISOLATED FORM;;FBD3;;ÔØì;;FBD3
ARABIC LETTER NG FINAL FORM;;FBD4;;ÔØî;;FBD4
ARABIC LETTER NG INITIAL FORM;;FBD5;;ÔØï;;FBD5
ARABIC LETTER NG MEDIAL FORM;;FBD6;;ÔØñ;;FBD6
ARABIC LETTER GAF ISOLATED FORM;;FB92;;ÔÆí;;FB92
ARABIC LETTER GAF FINAL FORM;;FB93;;ÔÆì;;FB93
ARABIC LETTER GAF INITIAL FORM;;FB94;;ÔÆî;;FB94
ARABIC LETTER GAF MEDIAL FORM;;FB95;;ÔÆï;;FB95
ARABIC LETTER NGOEH ISOLATED FORM;;FB9A;;ÔÆö;;FB9A
ARABIC LETTER NGOEH FINAL FORM;;FB9B;;ÔÆõ;;FB9B
ARABIC LETTER NGOEH INITIAL FORM;;FB9C;;ÔÆú;;FB9C
ARABIC LETTER NGOEH MEDIAL FORM;;FB9D;;ÔÆù;;FB9D
ARABIC LETTER GUEH ISOLATED FORM;;FB96;;ÔÆñ;;FB96
ARABIC LETTER GUEH FINAL FORM;;FB97;;ÔÆó;;FB97
ARABIC LETTER GUEH INITIAL FORM;;FB98;;ÔÆò;;FB98
ARABIC LETTER GUEH MEDIAL FORM;;FB99;;ÔÆô;;FB99
ARABIC LETTER NOON GHUNNA ISOLATED FORM;;FB9E;;ÔÆû;;FB9E
ARABIC LETTER NOON GHUNNA FINAL FORM;;FB9F;;ÔÆü;;FB9F
ARABIC MATHEMATICAL DOTLESS NOON;;1EE1D;;û∏ù;;1EE1D
ARABIC MATHEMATICAL TAILED DOTLESS NOON;;1EE5D;;ûπù;;1EE5D
ARABIC LETTER RNOON ISOLATED FORM;;FBA0;;ÔÆ†;;FBA0
ARABIC LETTER RNOON FINAL FORM;;FBA1;;ÔÆ°;;FBA1
ARABIC LETTER RNOON INITIAL FORM;;FBA2;;ÔÆ¢;;FBA2
ARABIC LETTER RNOON MEDIAL FORM;;FBA3;;ÔÆ£;;FBA3
ARABIC LETTER HEH DOACHASHMEE ISOLATED FORM;;FBAA;;ÔÆ™;;FBAA
ARABIC LETTER HEH DOACHASHMEE FINAL FORM;;FBAB;;ÔÆ´;;FBAB
ARABIC LETTER HEH DOACHASHMEE INITIAL FORM;;FBAC;;ÔÆ¨;;FBAC
ARABIC LETTER HEH DOACHASHMEE MEDIAL FORM;;FBAD;;ÔÆ≠;;FBAD
ARABIC LETTER HEH GOAL ISOLATED FORM;;FBA6;;ÔÆ¶;;FBA6
ARABIC LETTER HEH GOAL FINAL FORM;;FBA7;;ÔÆß;;FBA7
ARABIC LETTER HEH GOAL INITIAL FORM;;FBA8;;ÔÆ®;;FBA8
ARABIC LETTER HEH GOAL MEDIAL FORM;;FBA9;;ÔÆ©;;FBA9
ARABIC LETTER HEH GOAL WITH HAMZA ABOVE;;06C2;;€Ç;;06C1 0654
ARABIC LETTER KIRGHIZ OE ISOLATED FORM;;FBE0;;ÔØ†;;FBE0
ARABIC LETTER KIRGHIZ OE FINAL FORM;;FBE1;;ÔØ°;;FBE1
ARABIC LETTER OE ISOLATED FORM;;FBD9;;ÔØô;;FBD9
ARABIC LETTER OE FINAL FORM;;FBDA;;ÔØö;;FBDA
ARABIC LETTER U ISOLATED FORM;;FBD7;;ÔØó;;FBD7
ARABIC LETTER U FINAL FORM;;FBD8;;ÔØò;;FBD8
ARABIC LETTER U WITH HAMZA ABOVE;;0677;;Ÿ∑;;0677
ARABIC LETTER U WITH HAMZA ABOVE ISOLATED FORM;;FBDD;;ÔØù;;FBDD
ARABIC LETTER YU ISOLATED FORM;;FBDB;;ÔØõ;;FBDB
ARABIC LETTER YU FINAL FORM;;FBDC;;ÔØú;;FBDC
ARABIC LETTER KIRGHIZ YU ISOLATED FORM;;FBE2;;ÔØ¢;;FBE2
ARABIC LETTER KIRGHIZ YU FINAL FORM;;FBE3;;ÔØ£;;FBE3
ARABIC LETTER VE ISOLATED FORM;;FBDE;;ÔØû;;FBDE
ARABIC LETTER VE FINAL FORM;;FBDF;;ÔØü;;FBDF
ARABIC LETTER FARSI YEH ISOLATED FORM;;FBFC;;ÔØº;;FBFC
ARABIC LETTER FARSI YEH FINAL FORM;;FBFD;;ÔØΩ;;FBFD
ARABIC LETTER FARSI YEH INITIAL FORM;;FBFE;;ÔØæ;;FBFE
ARABIC LETTER FARSI YEH MEDIAL FORM;;FBFF;;ÔØø;;FBFF
ARABIC LETTER E ISOLATED FORM;;FBE4;;ÔØ§;;FBE4
ARABIC LETTER E FINAL FORM;;FBE5;;ÔØ•;;FBE5
ARABIC LETTER E INITIAL FORM;;FBE6;;ÔØ¶;;FBE6
ARABIC LETTER E MEDIAL FORM;;FBE7;;ÔØß;;FBE7
ARABIC LETTER YEH BARREE ISOLATED FORM;;FBAE;;ÔÆÆ;;FBAE
ARABIC LETTER YEH BARREE FINAL FORM;;FBAF;;ÔÆØ;;FBAF
ARABIC LETTER YEH BARREE WITH HAMZA ABOVE;;06D3;;€ì;;06D2 0654
ARABIC LETTER YEH BARREE WITH HAMZA ABOVE ISOLATED FORM;;FBB0;;ÔÆ∞;;FBB0
ARABIC LETTER YEH BARREE WITH HAMZA ABOVE FINAL FORM;;FBB1;;ÔÆ±;;FBB1
ARABIC LETTER HEH WITH YEH ABOVE;;06C0;;€Ä;;06D5 0654
ARABIC LETTER HEH WITH YEH ABOVE ISOLATED FORM;;FBA4;;ÔÆ§;;FBA4
ARABIC LETTER HEH WITH YEH ABOVE FINAL FORM;;FBA5;;ÔÆ•;;FBA5
