MATHEMATICAL BOLD CAPITAL ALPHA;;1D6A8;;ùö®;;1D6A8
MATHEMATICAL BOLD SMALL ALPHA;;1D6C2;;ùõÇ;;1D6C2
MATHEMATICAL ITALIC CAPITAL ALPHA;;1D6E2;;ùõ¢;;1D6E2
MATHEMATICAL ITALIC SMALL ALPHA;;1D6FC;;ùõº;;1D6FC
MATHEMATICAL BOLD ITALIC CAPITAL ALPHA;;1D71C;;ùúú;;1D71C
MATHEMATICAL BOLD ITALIC SMALL ALPHA;;1D736;;ùú∂;;1D736
MATHEMATICAL SANS-SERIF BOLD CAPITAL ALPHA;;1D756;;ùùñ;;1D756
MATHEMATICAL SANS-SERIF BOLD SMALL ALPHA;;1D770;;ùù∞;;1D770
MATHEMATICAL SANS-SERIF BOLD ITALIC CAPITAL ALPHA;;1D790;;ùûê;;1D790
MATHEMATICAL SANS-SERIF BOLD ITALIC SMALL ALPHA;;1D7AA;;ùû™;;1D7AA
GREEK SMALL LETTER ALPHA WITH VARIA;;1F70;;·Ω∞;;03B1 0300
GREEK CAPITAL LETTER ALPHA WITH VARIA;;1FBA;;·æ∫;;0391 0300
GREEK SMALL LETTER ALPHA WITH VARIA AND YPOGEGRAMMENI;;1FB2;;·æ≤;;03B1 0300 0345
GREEK CAPITAL LETTER ALPHA WITH TONOS;;0386;;ŒÜ;;0391 0301
GREEK SMALL LETTER ALPHA WITH TONOS;;03AC;;Œ¨;;03B1 0301
GREEK SMALL LETTER ALPHA WITH OXIA;;1F71;;Œ¨;;03B1 0301
GREEK CAPITAL LETTER ALPHA WITH OXIA;;1FBB;;ŒÜ;;0391 0301
GREEK SMALL LETTER ALPHA WITH OXIA AND YPOGEGRAMMENI;;1FB4;;·æ¥;;03B1 0301 0345
GREEK SMALL LETTER ALPHA WITH MACRON;;1FB1;;·æ±;;03B1 0304
GREEK CAPITAL LETTER ALPHA WITH MACRON;;1FB9;;·æπ;;0391 0304
GREEK SMALL LETTER ALPHA WITH VRACHY;;1FB0;;·æ∞;;03B1 0306
GREEK CAPITAL LETTER ALPHA WITH VRACHY;;1FB8;;·æ∏;;0391 0306
GREEK SMALL LETTER ALPHA WITH PSILI;;1F00;;·ºÄ;;03B1 0313
GREEK CAPITAL LETTER ALPHA WITH PSILI;;1F08;;·ºà;;0391 0313
GREEK SMALL LETTER ALPHA WITH PSILI AND VARIA;;1F02;;·ºÇ;;03B1 0313 0300
GREEK CAPITAL LETTER ALPHA WITH PSILI AND VARIA;;1F0A;;·ºä;;0391 0313 0300
GREEK SMALL LETTER ALPHA WITH PSILI AND VARIA AND YPOGEGRAMMENI;;1F82;;·æÇ;;03B1 0313 0300 0345
GREEK CAPITAL LETTER ALPHA WITH PSILI AND VARIA AND PROSGEGRAMMENI;;1F8A;;·æä;;0391 0313 0300 0345
GREEK SMALL LETTER ALPHA WITH PSILI AND OXIA;;1F04;;·ºÑ;;03B1 0313 0301
GREEK CAPITAL LETTER ALPHA WITH PSILI AND OXIA;;1F0C;;·ºå;;0391 0313 0301
GREEK SMALL LETTER ALPHA WITH PSILI AND OXIA AND YPOGEGRAMMENI;;1F84;;·æÑ;;03B1 0313 0301 0345
GREEK CAPITAL LETTER ALPHA WITH PSILI AND OXIA AND PROSGEGRAMMENI;;1F8C;;·æå;;0391 0313 0301 0345
GREEK SMALL LETTER ALPHA WITH PSILI AND PERISPOMENI;;1F06;;·ºÜ;;03B1 0313 0342
GREEK CAPITAL LETTER ALPHA WITH PSILI AND PERISPOMENI;;1F0E;;·ºé;;0391 0313 0342
GREEK SMALL LETTER ALPHA WITH PSILI AND PERISPOMENI AND YPOGEGRAMMENI;;1F86;;·æÜ;;03B1 0313 0342 0345
GREEK CAPITAL LETTER ALPHA WITH PSILI AND PERISPOMENI AND PROSGEGRAMMENI;;1F8E;;·æé;;0391 0313 0342 0345
GREEK SMALL LETTER ALPHA WITH PSILI AND YPOGEGRAMMENI;;1F80;;·æÄ;;03B1 0313 0345
GREEK CAPITAL LETTER ALPHA WITH PSILI AND PROSGEGRAMMENI;;1F88;;·æà;;0391 0313 0345
GREEK SMALL LETTER ALPHA WITH DASIA;;1F01;;·ºÅ;;03B1 0314
GREEK CAPITAL LETTER ALPHA WITH DASIA;;1F09;;·ºâ;;0391 0314
GREEK SMALL LETTER ALPHA WITH DASIA AND VARIA;;1F03;;·ºÉ;;03B1 0314 0300
GREEK CAPITAL LETTER ALPHA WITH DASIA AND VARIA;;1F0B;;·ºã;;0391 0314 0300
GREEK SMALL LETTER ALPHA WITH DASIA AND VARIA AND YPOGEGRAMMENI;;1F83;;·æÉ;;03B1 0314 0300 0345
GREEK CAPITAL LETTER ALPHA WITH DASIA AND VARIA AND PROSGEGRAMMENI;;1F8B;;·æã;;0391 0314 0300 0345
GREEK SMALL LETTER ALPHA WITH DASIA AND OXIA;;1F05;;·ºÖ;;03B1 0314 0301
GREEK CAPITAL LETTER ALPHA WITH DASIA AND OXIA;;1F0D;;·ºç;;0391 0314 0301
GREEK SMALL LETTER ALPHA WITH DASIA AND OXIA AND YPOGEGRAMMENI;;1F85;;·æÖ;;03B1 0314 0301 0345
GREEK CAPITAL LETTER ALPHA WITH DASIA AND OXIA AND PROSGEGRAMMENI;;1F8D;;·æç;;0391 0314 0301 0345
GREEK SMALL LETTER ALPHA WITH DASIA AND PERISPOMENI;;1F07;;·ºá;;03B1 0314 0342
GREEK CAPITAL LETTER ALPHA WITH DASIA AND PERISPOMENI;;1F0F;;·ºè;;0391 0314 0342
GREEK SMALL LETTER ALPHA WITH DASIA AND PERISPOMENI AND YPOGEGRAMMENI;;1F87;;·æá;;03B1 0314 0342 0345
GREEK CAPITAL LETTER ALPHA WITH DASIA AND PERISPOMENI AND PROSGEGRAMMENI;;1F8F;;·æè;;0391 0314 0342 0345
GREEK SMALL LETTER ALPHA WITH DASIA AND YPOGEGRAMMENI;;1F81;;·æÅ;;03B1 0314 0345
GREEK CAPITAL LETTER ALPHA WITH DASIA AND PROSGEGRAMMENI;;1F89;;·æâ;;0391 0314 0345
GREEK SMALL LETTER ALPHA WITH PERISPOMENI;;1FB6;;·æ∂;;03B1 0342
GREEK SMALL LETTER ALPHA WITH PERISPOMENI AND YPOGEGRAMMENI;;1FB7;;·æ∑;;03B1 0342 0345
GREEK SMALL LETTER ALPHA WITH YPOGEGRAMMENI;;1FB3;;·æ≥;;03B1 0345
GREEK CAPITAL LETTER ALPHA WITH PROSGEGRAMMENI;;1FBC;;·æº;;0391 0345
GREEK BETA SYMBOL;;03D0;;œê;;03D0
MODIFIER LETTER SMALL BETA;;1D5D;;·µù;;1D5D
GREEK SUBSCRIPT SMALL LETTER BETA;;1D66;;·µ¶;;1D66
MATHEMATICAL BOLD CAPITAL BETA;;1D6A9;;ùö©;;1D6A9
MATHEMATICAL BOLD SMALL BETA;;1D6C3;;ùõÉ;;1D6C3
MATHEMATICAL ITALIC CAPITAL BETA;;1D6E3;;ùõ£;;1D6E3
MATHEMATICAL ITALIC SMALL BETA;;1D6FD;;ùõΩ;;1D6FD
MATHEMATICAL BOLD ITALIC CAPITAL BETA;;1D71D;;ùúù;;1D71D
MATHEMATICAL BOLD ITALIC SMALL BETA;;1D737;;ùú∑;;1D737
MATHEMATICAL SANS-SERIF BOLD CAPITAL BETA;;1D757;;ùùó;;1D757
MATHEMATICAL SANS-SERIF BOLD SMALL BETA;;1D771;;ùù±;;1D771
MATHEMATICAL SANS-SERIF BOLD ITALIC CAPITAL BETA;;1D791;;ùûë;;1D791
MATHEMATICAL SANS-SERIF BOLD ITALIC SMALL BETA;;1D7AB;;ùû´;;1D7AB
MODIFIER LETTER SMALL GREEK GAMMA;;1D5E;;·µû;;1D5E
GREEK SUBSCRIPT SMALL LETTER GAMMA;;1D67;;·µß;;1D67
DOUBLE-STRUCK SMALL GAMMA;;213D;;‚ÑΩ;;213D
DOUBLE-STRUCK CAPITAL GAMMA;;213E;;‚Ñæ;;213E
MATHEMATICAL BOLD CAPITAL GAMMA;;1D6AA;;ùö™;;1D6AA
MATHEMATICAL BOLD SMALL GAMMA;;1D6C4;;ùõÑ;;1D6C4
MATHEMATICAL ITALIC CAPITAL GAMMA;;1D6E4;;ùõ§;;1D6E4
MATHEMATICAL ITALIC SMALL GAMMA;;1D6FE;;ùõæ;;1D6FE
MATHEMATICAL BOLD ITALIC CAPITAL GAMMA;;1D71E;;ùúû;;1D71E
MATHEMATICAL BOLD ITALIC SMALL GAMMA;;1D738;;ùú∏;;1D738
MATHEMATICAL SANS-SERIF BOLD CAPITAL GAMMA;;1D758;;ùùò;;1D758
MATHEMATICAL SANS-SERIF BOLD SMALL GAMMA;;1D772;;ùù≤;;1D772
MATHEMATICAL SANS-SERIF BOLD ITALIC CAPITAL GAMMA;;1D792;;ùûí;;1D792
MATHEMATICAL SANS-SERIF BOLD ITALIC SMALL GAMMA;;1D7AC;;ùû¨;;1D7AC
MODIFIER LETTER SMALL DELTA;;1D5F;;·µü;;1D5F
MATHEMATICAL BOLD CAPITAL DELTA;;1D6AB;;ùö´;;1D6AB
MATHEMATICAL BOLD SMALL DELTA;;1D6C5;;ùõÖ;;1D6C5
MATHEMATICAL ITALIC CAPITAL DELTA;;1D6E5;;ùõ•;;1D6E5
MATHEMATICAL ITALIC SMALL DELTA;;1D6FF;;ùõø;;1D6FF
MATHEMATICAL BOLD ITALIC CAPITAL DELTA;;1D71F;;ùúü;;1D71F
MATHEMATICAL BOLD ITALIC SMALL DELTA;;1D739;;ùúπ;;1D739
MATHEMATICAL SANS-SERIF BOLD CAPITAL DELTA;;1D759;;ùùô;;1D759
MATHEMATICAL SANS-SERIF BOLD SMALL DELTA;;1D773;;ùù≥;;1D773
MATHEMATICAL SANS-SERIF BOLD ITALIC CAPITAL DELTA;;1D793;;ùûì;;1D793
MATHEMATICAL SANS-SERIF BOLD ITALIC SMALL DELTA;;1D7AD;;ùû≠;;1D7AD
GREEK LUNATE EPSILON SYMBOL;;03F5;;œµ;;03F5
MATHEMATICAL BOLD CAPITAL EPSILON;;1D6AC;;ùö¨;;1D6AC
MATHEMATICAL BOLD SMALL EPSILON;;1D6C6;;ùõÜ;;1D6C6
MATHEMATICAL BOLD EPSILON SYMBOL;;1D6DC;;ùõú;;1D6DC
MATHEMATICAL ITALIC CAPITAL EPSILON;;1D6E6;;ùõ¶;;1D6E6
MATHEMATICAL ITALIC SMALL EPSILON;;1D700;;ùúÄ;;1D700
MATHEMATICAL ITALIC EPSILON SYMBOL;;1D716;;ùúñ;;1D716
MATHEMATICAL BOLD ITALIC CAPITAL EPSILON;;1D720;;ùú†;;1D720
MATHEMATICAL BOLD ITALIC SMALL EPSILON;;1D73A;;ùú∫;;1D73A
MATHEMATICAL BOLD ITALIC EPSILON SYMBOL;;1D750;;ùùê;;1D750
MATHEMATICAL SANS-SERIF BOLD CAPITAL EPSILON;;1D75A;;ùùö;;1D75A
MATHEMATICAL SANS-SERIF BOLD SMALL EPSILON;;1D774;;ùù¥;;1D774
MATHEMATICAL SANS-SERIF BOLD EPSILON SYMBOL;;1D78A;;ùûä;;1D78A
MATHEMATICAL SANS-SERIF BOLD ITALIC CAPITAL EPSILON;;1D794;;ùûî;;1D794
MATHEMATICAL SANS-SERIF BOLD ITALIC SMALL EPSILON;;1D7AE;;ùûÆ;;1D7AE
MATHEMATICAL SANS-SERIF BOLD ITALIC EPSILON SYMBOL;;1D7C4;;ùüÑ;;1D7C4
GREEK SMALL LETTER EPSILON WITH VARIA;;1F72;;·Ω≤;;03B5 0300
GREEK CAPITAL LETTER EPSILON WITH VARIA;;1FC8;;·øà;;0395 0300
GREEK CAPITAL LETTER EPSILON WITH TONOS;;0388;;Œà;;0395 0301
GREEK SMALL LETTER EPSILON WITH TONOS;;03AD;;Œ≠;;03B5 0301
GREEK SMALL LETTER EPSILON WITH OXIA;;1F73;;Œ≠;;03B5 0301
GREEK CAPITAL LETTER EPSILON WITH OXIA;;1FC9;;Œà;;0395 0301
GREEK SMALL LETTER EPSILON WITH PSILI;;1F10;;·ºê;;03B5 0313
GREEK CAPITAL LETTER EPSILON WITH PSILI;;1F18;;·ºò;;0395 0313
GREEK SMALL LETTER EPSILON WITH PSILI AND VARIA;;1F12;;·ºí;;03B5 0313 0300
GREEK CAPITAL LETTER EPSILON WITH PSILI AND VARIA;;1F1A;;·ºö;;0395 0313 0300
GREEK SMALL LETTER EPSILON WITH PSILI AND OXIA;;1F14;;·ºî;;03B5 0313 0301
GREEK CAPITAL LETTER EPSILON WITH PSILI AND OXIA;;1F1C;;·ºú;;0395 0313 0301
GREEK SMALL LETTER EPSILON WITH DASIA;;1F11;;·ºë;;03B5 0314
GREEK CAPITAL LETTER EPSILON WITH DASIA;;1F19;;·ºô;;0395 0314
GREEK SMALL LETTER EPSILON WITH DASIA AND VARIA;;1F13;;·ºì;;03B5 0314 0300
GREEK CAPITAL LETTER EPSILON WITH DASIA AND VARIA;;1F1B;;·ºõ;;0395 0314 0300
GREEK SMALL LETTER EPSILON WITH DASIA AND OXIA;;1F15;;·ºï;;03B5 0314 0301
GREEK CAPITAL LETTER EPSILON WITH DASIA AND OXIA;;1F1D;;·ºù;;0395 0314 0301
MATHEMATICAL BOLD CAPITAL ZETA;;1D6AD;;ùö≠;;1D6AD
MATHEMATICAL BOLD SMALL ZETA;;1D6C7;;ùõá;;1D6C7
MATHEMATICAL ITALIC CAPITAL ZETA;;1D6E7;;ùõß;;1D6E7
MATHEMATICAL ITALIC SMALL ZETA;;1D701;;ùúÅ;;1D701
MATHEMATICAL BOLD ITALIC CAPITAL ZETA;;1D721;;ùú°;;1D721
MATHEMATICAL BOLD ITALIC SMALL ZETA;;1D73B;;ùúª;;1D73B
MATHEMATICAL SANS-SERIF BOLD CAPITAL ZETA;;1D75B;;ùùõ;;1D75B
MATHEMATICAL SANS-SERIF BOLD SMALL ZETA;;1D775;;ùùµ;;1D775
MATHEMATICAL SANS-SERIF BOLD ITALIC CAPITAL ZETA;;1D795;;ùûï;;1D795
MATHEMATICAL SANS-SERIF BOLD ITALIC SMALL ZETA;;1D7AF;;ùûØ;;1D7AF
MATHEMATICAL BOLD CAPITAL ETA;;1D6AE;;ùöÆ;;1D6AE
MATHEMATICAL BOLD SMALL ETA;;1D6C8;;ùõà;;1D6C8
MATHEMATICAL ITALIC CAPITAL ETA;;1D6E8;;ùõ®;;1D6E8
MATHEMATICAL ITALIC SMALL ETA;;1D702;;ùúÇ;;1D702
MATHEMATICAL BOLD ITALIC CAPITAL ETA;;1D722;;ùú¢;;1D722
MATHEMATICAL BOLD ITALIC SMALL ETA;;1D73C;;ùúº;;1D73C
MATHEMATICAL SANS-SERIF BOLD CAPITAL ETA;;1D75C;;ùùú;;1D75C
MATHEMATICAL SANS-SERIF BOLD SMALL ETA;;1D776;;ùù∂;;1D776
MATHEMATICAL SANS-SERIF BOLD ITALIC CAPITAL ETA;;1D796;;ùûñ;;1D796
MATHEMATICAL SANS-SERIF BOLD ITALIC SMALL ETA;;1D7B0;;ùû∞;;1D7B0
GREEK SMALL LETTER ETA WITH VARIA;;1F74;;·Ω¥;;03B7 0300
GREEK CAPITAL LETTER ETA WITH VARIA;;1FCA;;·øä;;0397 0300
GREEK SMALL LETTER ETA WITH VARIA AND YPOGEGRAMMENI;;1FC2;;·øÇ;;03B7 0300 0345
GREEK CAPITAL LETTER ETA WITH TONOS;;0389;;Œâ;;0397 0301
GREEK SMALL LETTER ETA WITH TONOS;;03AE;;ŒÆ;;03B7 0301
GREEK SMALL LETTER ETA WITH OXIA;;1F75;;ŒÆ;;03B7 0301
GREEK CAPITAL LETTER ETA WITH OXIA;;1FCB;;Œâ;;0397 0301
GREEK SMALL LETTER ETA WITH OXIA AND YPOGEGRAMMENI;;1FC4;;·øÑ;;03B7 0301 0345
GREEK SMALL LETTER ETA WITH PSILI;;1F20;;·º†;;03B7 0313
GREEK CAPITAL LETTER ETA WITH PSILI;;1F28;;·º®;;0397 0313
GREEK SMALL LETTER ETA WITH PSILI AND VARIA;;1F22;;·º¢;;03B7 0313 0300
GREEK CAPITAL LETTER ETA WITH PSILI AND VARIA;;1F2A;;·º™;;0397 0313 0300
GREEK SMALL LETTER ETA WITH PSILI AND VARIA AND YPOGEGRAMMENI;;1F92;;·æí;;03B7 0313 0300 0345
GREEK CAPITAL LETTER ETA WITH PSILI AND VARIA AND PROSGEGRAMMENI;;1F9A;;·æö;;0397 0313 0300 0345
GREEK SMALL LETTER ETA WITH PSILI AND OXIA;;1F24;;·º§;;03B7 0313 0301
GREEK CAPITAL LETTER ETA WITH PSILI AND OXIA;;1F2C;;·º¨;;0397 0313 0301
GREEK SMALL LETTER ETA WITH PSILI AND OXIA AND YPOGEGRAMMENI;;1F94;;·æî;;03B7 0313 0301 0345
GREEK CAPITAL LETTER ETA WITH PSILI AND OXIA AND PROSGEGRAMMENI;;1F9C;;·æú;;0397 0313 0301 0345
GREEK SMALL LETTER ETA WITH PSILI AND PERISPOMENI;;1F26;;·º¶;;03B7 0313 0342
GREEK CAPITAL LETTER ETA WITH PSILI AND PERISPOMENI;;1F2E;;·ºÆ;;0397 0313 0342
GREEK SMALL LETTER ETA WITH PSILI AND PERISPOMENI AND YPOGEGRAMMENI;;1F96;;·æñ;;03B7 0313 0342 0345
GREEK CAPITAL LETTER ETA WITH PSILI AND PERISPOMENI AND PROSGEGRAMMENI;;1F9E;;·æû;;0397 0313 0342 0345
GREEK SMALL LETTER ETA WITH PSILI AND YPOGEGRAMMENI;;1F90;;·æê;;03B7 0313 0345
GREEK CAPITAL LETTER ETA WITH PSILI AND PROSGEGRAMMENI;;1F98;;·æò;;0397 0313 0345
GREEK SMALL LETTER ETA WITH DASIA;;1F21;;·º°;;03B7 0314
GREEK CAPITAL LETTER ETA WITH DASIA;;1F29;;·º©;;0397 0314
GREEK SMALL LETTER ETA WITH DASIA AND VARIA;;1F23;;·º£;;03B7 0314 0300
GREEK CAPITAL LETTER ETA WITH DASIA AND VARIA;;1F2B;;·º´;;0397 0314 0300
GREEK SMALL LETTER ETA WITH DASIA AND VARIA AND YPOGEGRAMMENI;;1F93;;·æì;;03B7 0314 0300 0345
GREEK CAPITAL LETTER ETA WITH DASIA AND VARIA AND PROSGEGRAMMENI;;1F9B;;·æõ;;0397 0314 0300 0345
GREEK SMALL LETTER ETA WITH DASIA AND OXIA;;1F25;;·º•;;03B7 0314 0301
GREEK CAPITAL LETTER ETA WITH DASIA AND OXIA;;1F2D;;·º≠;;0397 0314 0301
GREEK SMALL LETTER ETA WITH DASIA AND OXIA AND YPOGEGRAMMENI;;1F95;;·æï;;03B7 0314 0301 0345
GREEK CAPITAL LETTER ETA WITH DASIA AND OXIA AND PROSGEGRAMMENI;;1F9D;;·æù;;0397 0314 0301 0345
GREEK SMALL LETTER ETA WITH DASIA AND PERISPOMENI;;1F27;;·ºß;;03B7 0314 0342
GREEK CAPITAL LETTER ETA WITH DASIA AND PERISPOMENI;;1F2F;;·ºØ;;0397 0314 0342
GREEK SMALL LETTER ETA WITH DASIA AND PERISPOMENI AND YPOGEGRAMMENI;;1F97;;·æó;;03B7 0314 0342 0345
GREEK CAPITAL LETTER ETA WITH DASIA AND PERISPOMENI AND PROSGEGRAMMENI;;1F9F;;·æü;;0397 0314 0342 0345
GREEK SMALL LETTER ETA WITH DASIA AND YPOGEGRAMMENI;;1F91;;·æë;;03B7 0314 0345
GREEK CAPITAL LETTER ETA WITH DASIA AND PROSGEGRAMMENI;;1F99;;·æô;;0397 0314 0345
GREEK SMALL LETTER ETA WITH PERISPOMENI;;1FC6;;·øÜ;;03B7 0342
GREEK SMALL LETTER ETA WITH PERISPOMENI AND YPOGEGRAMMENI;;1FC7;;·øá;;03B7 0342 0345
GREEK SMALL LETTER ETA WITH YPOGEGRAMMENI;;1FC3;;·øÉ;;03B7 0345
GREEK CAPITAL LETTER ETA WITH PROSGEGRAMMENI;;1FCC;;·øå;;0397 0345
GREEK THETA SYMBOL;;03D1;;œë;;03D1
GREEK CAPITAL THETA SYMBOL;;03F4;;œ¥;;03F4
MODIFIER LETTER SMALL THETA;;1DBF;;·∂ø;;1DBF
MATHEMATICAL BOLD CAPITAL THETA;;1D6AF;;ùöØ;;1D6AF
MATHEMATICAL BOLD CAPITAL THETA SYMBOL;;1D6B9;;ùöπ;;1D6B9
MATHEMATICAL BOLD SMALL THETA;;1D6C9;;ùõâ;;1D6C9
MATHEMATICAL BOLD THETA SYMBOL;;1D6DD;;ùõù;;1D6DD
MATHEMATICAL ITALIC CAPITAL THETA;;1D6E9;;ùõ©;;1D6E9
MATHEMATICAL ITALIC CAPITAL THETA SYMBOL;;1D6F3;;ùõ≥;;1D6F3
MATHEMATICAL ITALIC SMALL THETA;;1D703;;ùúÉ;;1D703
MATHEMATICAL ITALIC THETA SYMBOL;;1D717;;ùúó;;1D717
MATHEMATICAL BOLD ITALIC CAPITAL THETA;;1D723;;ùú£;;1D723
MATHEMATICAL BOLD ITALIC CAPITAL THETA SYMBOL;;1D72D;;ùú≠;;1D72D
MATHEMATICAL BOLD ITALIC SMALL THETA;;1D73D;;ùúΩ;;1D73D
MATHEMATICAL BOLD ITALIC THETA SYMBOL;;1D751;;ùùë;;1D751
MATHEMATICAL SANS-SERIF BOLD CAPITAL THETA;;1D75D;;ùùù;;1D75D
MATHEMATICAL SANS-SERIF BOLD CAPITAL THETA SYMBOL;;1D767;;ùùß;;1D767
MATHEMATICAL SANS-SERIF BOLD SMALL THETA;;1D777;;ùù∑;;1D777
MATHEMATICAL SANS-SERIF BOLD THETA SYMBOL;;1D78B;;ùûã;;1D78B
MATHEMATICAL SANS-SERIF BOLD ITALIC CAPITAL THETA;;1D797;;ùûó;;1D797
MATHEMATICAL SANS-SERIF BOLD ITALIC CAPITAL THETA SYMBOL;;1D7A1;;ùû°;;1D7A1
MATHEMATICAL SANS-SERIF BOLD ITALIC SMALL THETA;;1D7B1;;ùû±;;1D7B1
MATHEMATICAL SANS-SERIF BOLD ITALIC THETA SYMBOL;;1D7C5;;ùüÖ;;1D7C5
GREEK PROSGEGRAMMENI;;1FBE;;Œπ;;03B9
MATHEMATICAL BOLD CAPITAL IOTA;;1D6B0;;ùö∞;;1D6B0
MATHEMATICAL BOLD SMALL IOTA;;1D6CA;;ùõä;;1D6CA
MATHEMATICAL ITALIC CAPITAL IOTA;;1D6EA;;ùõ™;;1D6EA
MATHEMATICAL ITALIC SMALL IOTA;;1D704;;ùúÑ;;1D704
MATHEMATICAL BOLD ITALIC CAPITAL IOTA;;1D724;;ùú§;;1D724
MATHEMATICAL BOLD ITALIC SMALL IOTA;;1D73E;;ùúæ;;1D73E
MATHEMATICAL SANS-SERIF BOLD CAPITAL IOTA;;1D75E;;ùùû;;1D75E
MATHEMATICAL SANS-SERIF BOLD SMALL IOTA;;1D778;;ùù∏;;1D778
MATHEMATICAL SANS-SERIF BOLD ITALIC CAPITAL IOTA;;1D798;;ùûò;;1D798
MATHEMATICAL SANS-SERIF BOLD ITALIC SMALL IOTA;;1D7B2;;ùû≤;;1D7B2
GREEK SMALL LETTER IOTA WITH VARIA;;1F76;;·Ω∂;;03B9 0300
GREEK CAPITAL LETTER IOTA WITH VARIA;;1FDA;;·øö;;0399 0300
GREEK CAPITAL LETTER IOTA WITH TONOS;;038A;;Œä;;0399 0301
GREEK SMALL LETTER IOTA WITH TONOS;;03AF;;ŒØ;;03B9 0301
GREEK SMALL LETTER IOTA WITH OXIA;;1F77;;ŒØ;;03B9 0301
GREEK CAPITAL LETTER IOTA WITH OXIA;;1FDB;;Œä;;0399 0301
GREEK SMALL LETTER IOTA WITH MACRON;;1FD1;;·øë;;03B9 0304
GREEK CAPITAL LETTER IOTA WITH MACRON;;1FD9;;·øô;;0399 0304
GREEK SMALL LETTER IOTA WITH VRACHY;;1FD0;;·øê;;03B9 0306
GREEK CAPITAL LETTER IOTA WITH VRACHY;;1FD8;;·øò;;0399 0306
GREEK CAPITAL LETTER IOTA WITH DIALYTIKA;;03AA;;Œ™;;0399 0308
GREEK SMALL LETTER IOTA WITH DIALYTIKA;;03CA;;œä;;03B9 0308
GREEK SMALL LETTER IOTA WITH DIALYTIKA AND VARIA;;1FD2;;·øí;;03B9 0308 0300
GREEK SMALL LETTER IOTA WITH DIALYTIKA AND TONOS;;0390;;Œê;;03B9 0308 0301
GREEK SMALL LETTER IOTA WITH DIALYTIKA AND OXIA;;1FD3;;Œê;;03B9 0308 0301
GREEK SMALL LETTER IOTA WITH DIALYTIKA AND PERISPOMENI;;1FD7;;·øó;;03B9 0308 0342
GREEK SMALL LETTER IOTA WITH PSILI;;1F30;;·º∞;;03B9 0313
GREEK CAPITAL LETTER IOTA WITH PSILI;;1F38;;·º∏;;0399 0313
GREEK SMALL LETTER IOTA WITH PSILI AND VARIA;;1F32;;·º≤;;03B9 0313 0300
GREEK CAPITAL LETTER IOTA WITH PSILI AND VARIA;;1F3A;;·º∫;;0399 0313 0300
GREEK SMALL LETTER IOTA WITH PSILI AND OXIA;;1F34;;·º¥;;03B9 0313 0301
GREEK CAPITAL LETTER IOTA WITH PSILI AND OXIA;;1F3C;;·ºº;;0399 0313 0301
GREEK SMALL LETTER IOTA WITH PSILI AND PERISPOMENI;;1F36;;·º∂;;03B9 0313 0342
GREEK CAPITAL LETTER IOTA WITH PSILI AND PERISPOMENI;;1F3E;;·ºæ;;0399 0313 0342
GREEK SMALL LETTER IOTA WITH DASIA;;1F31;;·º±;;03B9 0314
GREEK CAPITAL LETTER IOTA WITH DASIA;;1F39;;·ºπ;;0399 0314
GREEK SMALL LETTER IOTA WITH DASIA AND VARIA;;1F33;;·º≥;;03B9 0314 0300
GREEK CAPITAL LETTER IOTA WITH DASIA AND VARIA;;1F3B;;·ºª;;0399 0314 0300
GREEK SMALL LETTER IOTA WITH DASIA AND OXIA;;1F35;;·ºµ;;03B9 0314 0301
GREEK CAPITAL LETTER IOTA WITH DASIA AND OXIA;;1F3D;;·ºΩ;;0399 0314 0301
GREEK SMALL LETTER IOTA WITH DASIA AND PERISPOMENI;;1F37;;·º∑;;03B9 0314 0342
GREEK CAPITAL LETTER IOTA WITH DASIA AND PERISPOMENI;;1F3F;;·ºø;;0399 0314 0342
GREEK SMALL LETTER IOTA WITH PERISPOMENI;;1FD6;;·øñ;;03B9 0342
GREEK KAPPA SYMBOL;;03F0;;œ∞;;03F0
MATHEMATICAL BOLD CAPITAL KAPPA;;1D6B1;;ùö±;;1D6B1
MATHEMATICAL BOLD SMALL KAPPA;;1D6CB;;ùõã;;1D6CB
MATHEMATICAL BOLD KAPPA SYMBOL;;1D6DE;;ùõû;;1D6DE
MATHEMATICAL ITALIC CAPITAL KAPPA;;1D6EB;;ùõ´;;1D6EB
MATHEMATICAL ITALIC SMALL KAPPA;;1D705;;ùúÖ;;1D705
MATHEMATICAL ITALIC KAPPA SYMBOL;;1D718;;ùúò;;1D718
MATHEMATICAL BOLD ITALIC CAPITAL KAPPA;;1D725;;ùú•;;1D725
MATHEMATICAL BOLD ITALIC SMALL KAPPA;;1D73F;;ùúø;;1D73F
MATHEMATICAL BOLD ITALIC KAPPA SYMBOL;;1D752;;ùùí;;1D752
MATHEMATICAL SANS-SERIF BOLD CAPITAL KAPPA;;1D75F;;ùùü;;1D75F
MATHEMATICAL SANS-SERIF BOLD SMALL KAPPA;;1D779;;ùùπ;;1D779
MATHEMATICAL SANS-SERIF BOLD KAPPA SYMBOL;;1D78C;;ùûå;;1D78C
MATHEMATICAL SANS-SERIF BOLD ITALIC CAPITAL KAPPA;;1D799;;ùûô;;1D799
MATHEMATICAL SANS-SERIF BOLD ITALIC SMALL KAPPA;;1D7B3;;ùû≥;;1D7B3
MATHEMATICAL SANS-SERIF BOLD ITALIC KAPPA SYMBOL;;1D7C6;;ùüÜ;;1D7C6
MATHEMATICAL BOLD CAPITAL LAMDA;;1D6B2;;ùö≤;;1D6B2
MATHEMATICAL BOLD SMALL LAMDA;;1D6CC;;ùõå;;1D6CC
MATHEMATICAL ITALIC CAPITAL LAMDA;;1D6EC;;ùõ¨;;1D6EC
MATHEMATICAL ITALIC SMALL LAMDA;;1D706;;ùúÜ;;1D706
MATHEMATICAL BOLD ITALIC CAPITAL LAMDA;;1D726;;ùú¶;;1D726
MATHEMATICAL BOLD ITALIC SMALL LAMDA;;1D740;;ùùÄ;;1D740
MATHEMATICAL SANS-SERIF BOLD CAPITAL LAMDA;;1D760;;ùù†;;1D760
MATHEMATICAL SANS-SERIF BOLD SMALL LAMDA;;1D77A;;ùù∫;;1D77A
MATHEMATICAL SANS-SERIF BOLD ITALIC CAPITAL LAMDA;;1D79A;;ùûö;;1D79A
MATHEMATICAL SANS-SERIF BOLD ITALIC SMALL LAMDA;;1D7B4;;ùû¥;;1D7B4
MICRO SIGN;;00B5;;¬µ;;00B5
MATHEMATICAL BOLD CAPITAL MU;;1D6B3;;ùö≥;;1D6B3
MATHEMATICAL BOLD SMALL MU;;1D6CD;;ùõç;;1D6CD
MATHEMATICAL ITALIC CAPITAL MU;;1D6ED;;ùõ≠;;1D6ED
MATHEMATICAL ITALIC SMALL MU;;1D707;;ùúá;;1D707
MATHEMATICAL BOLD ITALIC CAPITAL MU;;1D727;;ùúß;;1D727
MATHEMATICAL BOLD ITALIC SMALL MU;;1D741;;ùùÅ;;1D741
MATHEMATICAL SANS-SERIF BOLD CAPITAL MU;;1D761;;ùù°;;1D761
MATHEMATICAL SANS-SERIF BOLD SMALL MU;;1D77B;;ùùª;;1D77B
MATHEMATICAL SANS-SERIF BOLD ITALIC CAPITAL MU;;1D79B;;ùûõ;;1D79B
MATHEMATICAL SANS-SERIF BOLD ITALIC SMALL MU;;1D7B5;;ùûµ;;1D7B5
SQUARE MU A;;3382;;„éÇ;;3382
SQUARE MU F;;338C;;„éå;;338C
SQUARE MU G;;338D;;„éç;;338D
SQUARE MU L;;3395;;„éï;;3395
SQUARE MU M;;339B;;„éõ;;339B
SQUARE MU S;;33B2;;„é≤;;33B2
SQUARE MU V;;33B6;;„é∂;;33B6
SQUARE MU W;;33BC;;„éº;;33BC
MATHEMATICAL BOLD CAPITAL NU;;1D6B4;;ùö¥;;1D6B4
MATHEMATICAL BOLD SMALL NU;;1D6CE;;ùõé;;1D6CE
MATHEMATICAL ITALIC CAPITAL NU;;1D6EE;;ùõÆ;;1D6EE
MATHEMATICAL ITALIC SMALL NU;;1D708;;ùúà;;1D708
MATHEMATICAL BOLD ITALIC CAPITAL NU;;1D728;;ùú®;;1D728
MATHEMATICAL BOLD ITALIC SMALL NU;;1D742;;ùùÇ;;1D742
MATHEMATICAL SANS-SERIF BOLD CAPITAL NU;;1D762;;ùù¢;;1D762
MATHEMATICAL SANS-SERIF BOLD SMALL NU;;1D77C;;ùùº;;1D77C
MATHEMATICAL SANS-SERIF BOLD ITALIC CAPITAL NU;;1D79C;;ùûú;;1D79C
MATHEMATICAL SANS-SERIF BOLD ITALIC SMALL NU;;1D7B6;;ùû∂;;1D7B6
MATHEMATICAL BOLD CAPITAL XI;;1D6B5;;ùöµ;;1D6B5
MATHEMATICAL BOLD SMALL XI;;1D6CF;;ùõè;;1D6CF
MATHEMATICAL ITALIC CAPITAL XI;;1D6EF;;ùõØ;;1D6EF
MATHEMATICAL ITALIC SMALL XI;;1D709;;ùúâ;;1D709
MATHEMATICAL BOLD ITALIC CAPITAL XI;;1D729;;ùú©;;1D729
MATHEMATICAL BOLD ITALIC SMALL XI;;1D743;;ùùÉ;;1D743
MATHEMATICAL SANS-SERIF BOLD CAPITAL XI;;1D763;;ùù£;;1D763
MATHEMATICAL SANS-SERIF BOLD SMALL XI;;1D77D;;ùùΩ;;1D77D
MATHEMATICAL SANS-SERIF BOLD ITALIC CAPITAL XI;;1D79D;;ùûù;;1D79D
MATHEMATICAL SANS-SERIF BOLD ITALIC SMALL XI;;1D7B7;;ùû∑;;1D7B7
MATHEMATICAL BOLD CAPITAL OMICRON;;1D6B6;;ùö∂;;1D6B6
MATHEMATICAL BOLD SMALL OMICRON;;1D6D0;;ùõê;;1D6D0
MATHEMATICAL ITALIC CAPITAL OMICRON;;1D6F0;;ùõ∞;;1D6F0
MATHEMATICAL ITALIC SMALL OMICRON;;1D70A;;ùúä;;1D70A
MATHEMATICAL BOLD ITALIC CAPITAL OMICRON;;1D72A;;ùú™;;1D72A
MATHEMATICAL BOLD ITALIC SMALL OMICRON;;1D744;;ùùÑ;;1D744
MATHEMATICAL SANS-SERIF BOLD CAPITAL OMICRON;;1D764;;ùù§;;1D764
MATHEMATICAL SANS-SERIF BOLD SMALL OMICRON;;1D77E;;ùùæ;;1D77E
MATHEMATICAL SANS-SERIF BOLD ITALIC CAPITAL OMICRON;;1D79E;;ùûû;;1D79E
MATHEMATICAL SANS-SERIF BOLD ITALIC SMALL OMICRON;;1D7B8;;ùû∏;;1D7B8
GREEK SMALL LETTER OMICRON WITH VARIA;;1F78;;·Ω∏;;03BF 0300
GREEK CAPITAL LETTER OMICRON WITH VARIA;;1FF8;;·ø∏;;039F 0300
GREEK CAPITAL LETTER OMICRON WITH TONOS;;038C;;Œå;;039F 0301
GREEK SMALL LETTER OMICRON WITH TONOS;;03CC;;œå;;03BF 0301
GREEK SMALL LETTER OMICRON WITH OXIA;;1F79;;œå;;03BF 0301
GREEK CAPITAL LETTER OMICRON WITH OXIA;;1FF9;;Œå;;039F 0301
GREEK SMALL LETTER OMICRON WITH PSILI;;1F40;;·ΩÄ;;03BF 0313
GREEK CAPITAL LETTER OMICRON WITH PSILI;;1F48;;·Ωà;;039F 0313
GREEK SMALL LETTER OMICRON WITH PSILI AND VARIA;;1F42;;·ΩÇ;;03BF 0313 0300
GREEK CAPITAL LETTER OMICRON WITH PSILI AND VARIA;;1F4A;;·Ωä;;039F 0313 0300
GREEK SMALL LETTER OMICRON WITH PSILI AND OXIA;;1F44;;·ΩÑ;;03BF 0313 0301
GREEK CAPITAL LETTER OMICRON WITH PSILI AND OXIA;;1F4C;;·Ωå;;039F 0313 0301
GREEK SMALL LETTER OMICRON WITH DASIA;;1F41;;·ΩÅ;;03BF 0314
GREEK CAPITAL LETTER OMICRON WITH DASIA;;1F49;;·Ωâ;;039F 0314
GREEK SMALL LETTER OMICRON WITH DASIA AND VARIA;;1F43;;·ΩÉ;;03BF 0314 0300
GREEK CAPITAL LETTER OMICRON WITH DASIA AND VARIA;;1F4B;;·Ωã;;039F 0314 0300
GREEK SMALL LETTER OMICRON WITH DASIA AND OXIA;;1F45;;·ΩÖ;;03BF 0314 0301
GREEK CAPITAL LETTER OMICRON WITH DASIA AND OXIA;;1F4D;;·Ωç;;039F 0314 0301
GREEK PI SYMBOL;;03D6;;œñ;;03D6
DOUBLE-STRUCK SMALL PI;;213C;;‚Ñº;;213C
DOUBLE-STRUCK CAPITAL PI;;213F;;‚Ñø;;213F
MATHEMATICAL BOLD CAPITAL PI;;1D6B7;;ùö∑;;1D6B7
MATHEMATICAL BOLD SMALL PI;;1D6D1;;ùõë;;1D6D1
MATHEMATICAL BOLD PI SYMBOL;;1D6E1;;ùõ°;;1D6E1
MATHEMATICAL ITALIC CAPITAL PI;;1D6F1;;ùõ±;;1D6F1
MATHEMATICAL ITALIC SMALL PI;;1D70B;;ùúã;;1D70B
MATHEMATICAL ITALIC PI SYMBOL;;1D71B;;ùúõ;;1D71B
MATHEMATICAL BOLD ITALIC CAPITAL PI;;1D72B;;ùú´;;1D72B
MATHEMATICAL BOLD ITALIC SMALL PI;;1D745;;ùùÖ;;1D745
MATHEMATICAL BOLD ITALIC PI SYMBOL;;1D755;;ùùï;;1D755
MATHEMATICAL SANS-SERIF BOLD CAPITAL PI;;1D765;;ùù•;;1D765
MATHEMATICAL SANS-SERIF BOLD SMALL PI;;1D77F;;ùùø;;1D77F
MATHEMATICAL SANS-SERIF BOLD PI SYMBOL;;1D78F;;ùûè;;1D78F
MATHEMATICAL SANS-SERIF BOLD ITALIC CAPITAL PI;;1D79F;;ùûü;;1D79F
MATHEMATICAL SANS-SERIF BOLD ITALIC SMALL PI;;1D7B9;;ùûπ;;1D7B9
MATHEMATICAL SANS-SERIF BOLD ITALIC PI SYMBOL;;1D7C9;;ùüâ;;1D7C9
GREEK RHO SYMBOL;;03F1;;œ±;;03F1
GREEK SUBSCRIPT SMALL LETTER RHO;;1D68;;·µ®;;1D68
MATHEMATICAL BOLD CAPITAL RHO;;1D6B8;;ùö∏;;1D6B8
MATHEMATICAL BOLD SMALL RHO;;1D6D2;;ùõí;;1D6D2
MATHEMATICAL BOLD RHO SYMBOL;;1D6E0;;ùõ†;;1D6E0
MATHEMATICAL ITALIC CAPITAL RHO;;1D6F2;;ùõ≤;;1D6F2
MATHEMATICAL ITALIC SMALL RHO;;1D70C;;ùúå;;1D70C
MATHEMATICAL ITALIC RHO SYMBOL;;1D71A;;ùúö;;1D71A
MATHEMATICAL BOLD ITALIC CAPITAL RHO;;1D72C;;ùú¨;;1D72C
MATHEMATICAL BOLD ITALIC SMALL RHO;;1D746;;ùùÜ;;1D746
MATHEMATICAL BOLD ITALIC RHO SYMBOL;;1D754;;ùùî;;1D754
MATHEMATICAL SANS-SERIF BOLD CAPITAL RHO;;1D766;;ùù¶;;1D766
MATHEMATICAL SANS-SERIF BOLD SMALL RHO;;1D780;;ùûÄ;;1D780
MATHEMATICAL SANS-SERIF BOLD RHO SYMBOL;;1D78E;;ùûé;;1D78E
MATHEMATICAL SANS-SERIF BOLD ITALIC CAPITAL RHO;;1D7A0;;ùû†;;1D7A0
MATHEMATICAL SANS-SERIF BOLD ITALIC SMALL RHO;;1D7BA;;ùû∫;;1D7BA
MATHEMATICAL SANS-SERIF BOLD ITALIC RHO SYMBOL;;1D7C8;;ùüà;;1D7C8
GREEK SMALL LETTER RHO WITH PSILI;;1FE4;;·ø§;;03C1 0313
GREEK SMALL LETTER RHO WITH DASIA;;1FE5;;·ø•;;03C1 0314
GREEK CAPITAL LETTER RHO WITH DASIA;;1FEC;;·ø¨;;03A1 0314
GREEK LUNATE SIGMA SYMBOL;;03F2;;œ≤;;03F2
GREEK CAPITAL LUNATE SIGMA SYMBOL;;03F9;;œπ;;03F9
MATHEMATICAL BOLD CAPITAL SIGMA;;1D6BA;;ùö∫;;1D6BA
MATHEMATICAL BOLD SMALL FINAL SIGMA;;1D6D3;;ùõì;;1D6D3
MATHEMATICAL BOLD SMALL SIGMA;;1D6D4;;ùõî;;1D6D4
MATHEMATICAL ITALIC CAPITAL SIGMA;;1D6F4;;ùõ¥;;1D6F4
MATHEMATICAL ITALIC SMALL FINAL SIGMA;;1D70D;;ùúç;;1D70D
MATHEMATICAL ITALIC SMALL SIGMA;;1D70E;;ùúé;;1D70E
MATHEMATICAL BOLD ITALIC CAPITAL SIGMA;;1D72E;;ùúÆ;;1D72E
MATHEMATICAL BOLD ITALIC SMALL FINAL SIGMA;;1D747;;ùùá;;1D747
MATHEMATICAL BOLD ITALIC SMALL SIGMA;;1D748;;ùùà;;1D748
MATHEMATICAL SANS-SERIF BOLD CAPITAL SIGMA;;1D768;;ùù®;;1D768
MATHEMATICAL SANS-SERIF BOLD SMALL FINAL SIGMA;;1D781;;ùûÅ;;1D781
MATHEMATICAL SANS-SERIF BOLD SMALL SIGMA;;1D782;;ùûÇ;;1D782
MATHEMATICAL SANS-SERIF BOLD ITALIC CAPITAL SIGMA;;1D7A2;;ùû¢;;1D7A2
MATHEMATICAL SANS-SERIF BOLD ITALIC SMALL FINAL SIGMA;;1D7BB;;ùûª;;1D7BB
MATHEMATICAL SANS-SERIF BOLD ITALIC SMALL SIGMA;;1D7BC;;ùûº;;1D7BC
MATHEMATICAL BOLD CAPITAL TAU;;1D6BB;;ùöª;;1D6BB
MATHEMATICAL BOLD SMALL TAU;;1D6D5;;ùõï;;1D6D5
MATHEMATICAL ITALIC CAPITAL TAU;;1D6F5;;ùõµ;;1D6F5
MATHEMATICAL ITALIC SMALL TAU;;1D70F;;ùúè;;1D70F
MATHEMATICAL BOLD ITALIC CAPITAL TAU;;1D72F;;ùúØ;;1D72F
MATHEMATICAL BOLD ITALIC SMALL TAU;;1D749;;ùùâ;;1D749
MATHEMATICAL SANS-SERIF BOLD CAPITAL TAU;;1D769;;ùù©;;1D769
MATHEMATICAL SANS-SERIF BOLD SMALL TAU;;1D783;;ùûÉ;;1D783
MATHEMATICAL SANS-SERIF BOLD ITALIC CAPITAL TAU;;1D7A3;;ùû£;;1D7A3
MATHEMATICAL SANS-SERIF BOLD ITALIC SMALL TAU;;1D7BD;;ùûΩ;;1D7BD
GREEK UPSILON WITH HOOK SYMBOL;;03D2;;œí;;03D2
MATHEMATICAL BOLD CAPITAL UPSILON;;1D6BC;;ùöº;;1D6BC
MATHEMATICAL BOLD SMALL UPSILON;;1D6D6;;ùõñ;;1D6D6
MATHEMATICAL ITALIC CAPITAL UPSILON;;1D6F6;;ùõ∂;;1D6F6
MATHEMATICAL ITALIC SMALL UPSILON;;1D710;;ùúê;;1D710
MATHEMATICAL BOLD ITALIC CAPITAL UPSILON;;1D730;;ùú∞;;1D730
MATHEMATICAL BOLD ITALIC SMALL UPSILON;;1D74A;;ùùä;;1D74A
MATHEMATICAL SANS-SERIF BOLD CAPITAL UPSILON;;1D76A;;ùù™;;1D76A
MATHEMATICAL SANS-SERIF BOLD SMALL UPSILON;;1D784;;ùûÑ;;1D784
MATHEMATICAL SANS-SERIF BOLD ITALIC CAPITAL UPSILON;;1D7A4;;ùû§;;1D7A4
MATHEMATICAL SANS-SERIF BOLD ITALIC SMALL UPSILON;;1D7BE;;ùûæ;;1D7BE
GREEK SMALL LETTER UPSILON WITH VARIA;;1F7A;;·Ω∫;;03C5 0300
GREEK CAPITAL LETTER UPSILON WITH VARIA;;1FEA;;·ø™;;03A5 0300
GREEK CAPITAL LETTER UPSILON WITH TONOS;;038E;;Œé;;03A5 0301
GREEK SMALL LETTER UPSILON WITH TONOS;;03CD;;œç;;03C5 0301
GREEK UPSILON WITH ACUTE AND HOOK SYMBOL;;03D3;;œì;;03D2 0301
GREEK SMALL LETTER UPSILON WITH OXIA;;1F7B;;œç;;03C5 0301
GREEK CAPITAL LETTER UPSILON WITH OXIA;;1FEB;;Œé;;03A5 0301
GREEK SMALL LETTER UPSILON WITH MACRON;;1FE1;;·ø°;;03C5 0304
GREEK CAPITAL LETTER UPSILON WITH MACRON;;1FE9;;·ø©;;03A5 0304
GREEK SMALL LETTER UPSILON WITH VRACHY;;1FE0;;·ø†;;03C5 0306
GREEK CAPITAL LETTER UPSILON WITH VRACHY;;1FE8;;·ø®;;03A5 0306
GREEK CAPITAL LETTER UPSILON WITH DIALYTIKA;;03AB;;Œ´;;03A5 0308
GREEK SMALL LETTER UPSILON WITH DIALYTIKA;;03CB;;œã;;03C5 0308
GREEK UPSILON WITH DIAERESIS AND HOOK SYMBOL;;03D4;;œî;;03D2 0308
GREEK SMALL LETTER UPSILON WITH DIALYTIKA AND VARIA;;1FE2;;·ø¢;;03C5 0308 0300
GREEK SMALL LETTER UPSILON WITH DIALYTIKA AND TONOS;;03B0;;Œ∞;;03C5 0308 0301
GREEK SMALL LETTER UPSILON WITH DIALYTIKA AND OXIA;;1FE3;;Œ∞;;03C5 0308 0301
GREEK SMALL LETTER UPSILON WITH DIALYTIKA AND PERISPOMENI;;1FE7;;·øß;;03C5 0308 0342
GREEK SMALL LETTER UPSILON WITH PSILI;;1F50;;·Ωê;;03C5 0313
GREEK SMALL LETTER UPSILON WITH PSILI AND VARIA;;1F52;;·Ωí;;03C5 0313 0300
GREEK SMALL LETTER UPSILON WITH PSILI AND OXIA;;1F54;;·Ωî;;03C5 0313 0301
GREEK SMALL LETTER UPSILON WITH PSILI AND PERISPOMENI;;1F56;;·Ωñ;;03C5 0313 0342
GREEK SMALL LETTER UPSILON WITH DASIA;;1F51;;·Ωë;;03C5 0314
GREEK CAPITAL LETTER UPSILON WITH DASIA;;1F59;;·Ωô;;03A5 0314
GREEK SMALL LETTER UPSILON WITH DASIA AND VARIA;;1F53;;·Ωì;;03C5 0314 0300
GREEK CAPITAL LETTER UPSILON WITH DASIA AND VARIA;;1F5B;;·Ωõ;;03A5 0314 0300
GREEK SMALL LETTER UPSILON WITH DASIA AND OXIA;;1F55;;·Ωï;;03C5 0314 0301
GREEK CAPITAL LETTER UPSILON WITH DASIA AND OXIA;;1F5D;;·Ωù;;03A5 0314 0301
GREEK SMALL LETTER UPSILON WITH DASIA AND PERISPOMENI;;1F57;;·Ωó;;03C5 0314 0342
GREEK CAPITAL LETTER UPSILON WITH DASIA AND PERISPOMENI;;1F5F;;·Ωü;;03A5 0314 0342
GREEK SMALL LETTER UPSILON WITH PERISPOMENI;;1FE6;;·ø¶;;03C5 0342
GREEK PHI SYMBOL;;03D5;;œï;;03D5
MODIFIER LETTER SMALL GREEK PHI;;1D60;;·µ†;;1D60
GREEK SUBSCRIPT SMALL LETTER PHI;;1D69;;·µ©;;1D69
MATHEMATICAL BOLD CAPITAL PHI;;1D6BD;;ùöΩ;;1D6BD
MATHEMATICAL BOLD SMALL PHI;;1D6D7;;ùõó;;1D6D7
MATHEMATICAL BOLD PHI SYMBOL;;1D6DF;;ùõü;;1D6DF
MATHEMATICAL ITALIC CAPITAL PHI;;1D6F7;;ùõ∑;;1D6F7
MATHEMATICAL ITALIC SMALL PHI;;1D711;;ùúë;;1D711
MATHEMATICAL ITALIC PHI SYMBOL;;1D719;;ùúô;;1D719
MATHEMATICAL BOLD ITALIC CAPITAL PHI;;1D731;;ùú±;;1D731
MATHEMATICAL BOLD ITALIC SMALL PHI;;1D74B;;ùùã;;1D74B
MATHEMATICAL BOLD ITALIC PHI SYMBOL;;1D753;;ùùì;;1D753
MATHEMATICAL SANS-SERIF BOLD CAPITAL PHI;;1D76B;;ùù´;;1D76B
MATHEMATICAL SANS-SERIF BOLD SMALL PHI;;1D785;;ùûÖ;;1D785
MATHEMATICAL SANS-SERIF BOLD PHI SYMBOL;;1D78D;;ùûç;;1D78D
MATHEMATICAL SANS-SERIF BOLD ITALIC CAPITAL PHI;;1D7A5;;ùû•;;1D7A5
MATHEMATICAL SANS-SERIF BOLD ITALIC SMALL PHI;;1D7BF;;ùûø;;1D7BF
MATHEMATICAL SANS-SERIF BOLD ITALIC PHI SYMBOL;;1D7C7;;ùüá;;1D7C7
MODIFIER LETTER SMALL CHI;;1D61;;·µ°;;1D61
GREEK SUBSCRIPT SMALL LETTER CHI;;1D6A;;·µ™;;1D6A
MATHEMATICAL BOLD CAPITAL CHI;;1D6BE;;ùöæ;;1D6BE
MATHEMATICAL BOLD SMALL CHI;;1D6D8;;ùõò;;1D6D8
MATHEMATICAL ITALIC CAPITAL CHI;;1D6F8;;ùõ∏;;1D6F8
MATHEMATICAL ITALIC SMALL CHI;;1D712;;ùúí;;1D712
MATHEMATICAL BOLD ITALIC CAPITAL CHI;;1D732;;ùú≤;;1D732
MATHEMATICAL BOLD ITALIC SMALL CHI;;1D74C;;ùùå;;1D74C
MATHEMATICAL SANS-SERIF BOLD CAPITAL CHI;;1D76C;;ùù¨;;1D76C
MATHEMATICAL SANS-SERIF BOLD SMALL CHI;;1D786;;ùûÜ;;1D786
MATHEMATICAL SANS-SERIF BOLD ITALIC CAPITAL CHI;;1D7A6;;ùû¶;;1D7A6
MATHEMATICAL SANS-SERIF BOLD ITALIC SMALL CHI;;1D7C0;;ùüÄ;;1D7C0
MATHEMATICAL BOLD CAPITAL PSI;;1D6BF;;ùöø;;1D6BF
MATHEMATICAL BOLD SMALL PSI;;1D6D9;;ùõô;;1D6D9
MATHEMATICAL ITALIC CAPITAL PSI;;1D6F9;;ùõπ;;1D6F9
MATHEMATICAL ITALIC SMALL PSI;;1D713;;ùúì;;1D713
MATHEMATICAL BOLD ITALIC CAPITAL PSI;;1D733;;ùú≥;;1D733
MATHEMATICAL BOLD ITALIC SMALL PSI;;1D74D;;ùùç;;1D74D
MATHEMATICAL SANS-SERIF BOLD CAPITAL PSI;;1D76D;;ùù≠;;1D76D
MATHEMATICAL SANS-SERIF BOLD SMALL PSI;;1D787;;ùûá;;1D787
MATHEMATICAL SANS-SERIF BOLD ITALIC CAPITAL PSI;;1D7A7;;ùûß;;1D7A7
MATHEMATICAL SANS-SERIF BOLD ITALIC SMALL PSI;;1D7C1;;ùüÅ;;1D7C1
OHM SIGN;;2126;;Œ©;;03A9
MATHEMATICAL BOLD CAPITAL OMEGA;;1D6C0;;ùõÄ;;1D6C0
MATHEMATICAL BOLD SMALL OMEGA;;1D6DA;;ùõö;;1D6DA
MATHEMATICAL ITALIC CAPITAL OMEGA;;1D6FA;;ùõ∫;;1D6FA
MATHEMATICAL ITALIC SMALL OMEGA;;1D714;;ùúî;;1D714
MATHEMATICAL BOLD ITALIC CAPITAL OMEGA;;1D734;;ùú¥;;1D734
MATHEMATICAL BOLD ITALIC SMALL OMEGA;;1D74E;;ùùé;;1D74E
MATHEMATICAL SANS-SERIF BOLD CAPITAL OMEGA;;1D76E;;ùùÆ;;1D76E
MATHEMATICAL SANS-SERIF BOLD SMALL OMEGA;;1D788;;ùûà;;1D788
MATHEMATICAL SANS-SERIF BOLD ITALIC CAPITAL OMEGA;;1D7A8;;ùû®;;1D7A8
MATHEMATICAL SANS-SERIF BOLD ITALIC SMALL OMEGA;;1D7C2;;ùüÇ;;1D7C2
GREEK SMALL LETTER OMEGA WITH VARIA;;1F7C;;·Ωº;;03C9 0300
GREEK CAPITAL LETTER OMEGA WITH VARIA;;1FFA;;·ø∫;;03A9 0300
GREEK SMALL LETTER OMEGA WITH VARIA AND YPOGEGRAMMENI;;1FF2;;·ø≤;;03C9 0300 0345
GREEK CAPITAL LETTER OMEGA WITH TONOS;;038F;;Œè;;03A9 0301
GREEK SMALL LETTER OMEGA WITH TONOS;;03CE;;œé;;03C9 0301
GREEK SMALL LETTER OMEGA WITH OXIA;;1F7D;;œé;;03C9 0301
GREEK CAPITAL LETTER OMEGA WITH OXIA;;1FFB;;Œè;;03A9 0301
GREEK SMALL LETTER OMEGA WITH OXIA AND YPOGEGRAMMENI;;1FF4;;·ø¥;;03C9 0301 0345
GREEK SMALL LETTER OMEGA WITH PSILI;;1F60;;·Ω†;;03C9 0313
GREEK CAPITAL LETTER OMEGA WITH PSILI;;1F68;;·Ω®;;03A9 0313
GREEK SMALL LETTER OMEGA WITH PSILI AND VARIA;;1F62;;·Ω¢;;03C9 0313 0300
GREEK CAPITAL LETTER OMEGA WITH PSILI AND VARIA;;1F6A;;·Ω™;;03A9 0313 0300
GREEK SMALL LETTER OMEGA WITH PSILI AND VARIA AND YPOGEGRAMMENI;;1FA2;;·æ¢;;03C9 0313 0300 0345
GREEK CAPITAL LETTER OMEGA WITH PSILI AND VARIA AND PROSGEGRAMMENI;;1FAA;;·æ™;;03A9 0313 0300 0345
GREEK SMALL LETTER OMEGA WITH PSILI AND OXIA;;1F64;;·Ω§;;03C9 0313 0301
GREEK CAPITAL LETTER OMEGA WITH PSILI AND OXIA;;1F6C;;·Ω¨;;03A9 0313 0301
GREEK SMALL LETTER OMEGA WITH PSILI AND OXIA AND YPOGEGRAMMENI;;1FA4;;·æ§;;03C9 0313 0301 0345
GREEK CAPITAL LETTER OMEGA WITH PSILI AND OXIA AND PROSGEGRAMMENI;;1FAC;;·æ¨;;03A9 0313 0301 0345
GREEK SMALL LETTER OMEGA WITH PSILI AND PERISPOMENI;;1F66;;·Ω¶;;03C9 0313 0342
GREEK CAPITAL LETTER OMEGA WITH PSILI AND PERISPOMENI;;1F6E;;·ΩÆ;;03A9 0313 0342
GREEK SMALL LETTER OMEGA WITH PSILI AND PERISPOMENI AND YPOGEGRAMMENI;;1FA6;;·æ¶;;03C9 0313 0342 0345
GREEK CAPITAL LETTER OMEGA WITH PSILI AND PERISPOMENI AND PROSGEGRAMMENI;;1FAE;;·æÆ;;03A9 0313 0342 0345
GREEK SMALL LETTER OMEGA WITH PSILI AND YPOGEGRAMMENI;;1FA0;;·æ†;;03C9 0313 0345
GREEK CAPITAL LETTER OMEGA WITH PSILI AND PROSGEGRAMMENI;;1FA8;;·æ®;;03A9 0313 0345
GREEK SMALL LETTER OMEGA WITH DASIA;;1F61;;·Ω°;;03C9 0314
GREEK CAPITAL LETTER OMEGA WITH DASIA;;1F69;;·Ω©;;03A9 0314
GREEK SMALL LETTER OMEGA WITH DASIA AND VARIA;;1F63;;·Ω£;;03C9 0314 0300
GREEK CAPITAL LETTER OMEGA WITH DASIA AND VARIA;;1F6B;;·Ω´;;03A9 0314 0300
GREEK SMALL LETTER OMEGA WITH DASIA AND VARIA AND YPOGEGRAMMENI;;1FA3;;·æ£;;03C9 0314 0300 0345
GREEK CAPITAL LETTER OMEGA WITH DASIA AND VARIA AND PROSGEGRAMMENI;;1FAB;;·æ´;;03A9 0314 0300 0345
GREEK SMALL LETTER OMEGA WITH DASIA AND OXIA;;1F65;;·Ω•;;03C9 0314 0301
GREEK CAPITAL LETTER OMEGA WITH DASIA AND OXIA;;1F6D;;·Ω≠;;03A9 0314 0301
GREEK SMALL LETTER OMEGA WITH DASIA AND OXIA AND YPOGEGRAMMENI;;1FA5;;·æ•;;03C9 0314 0301 0345
GREEK CAPITAL LETTER OMEGA WITH DASIA AND OXIA AND PROSGEGRAMMENI;;1FAD;;·æ≠;;03A9 0314 0301 0345
GREEK SMALL LETTER OMEGA WITH DASIA AND PERISPOMENI;;1F67;;·Ωß;;03C9 0314 0342
GREEK CAPITAL LETTER OMEGA WITH DASIA AND PERISPOMENI;;1F6F;;·ΩØ;;03A9 0314 0342
GREEK SMALL LETTER OMEGA WITH DASIA AND PERISPOMENI AND YPOGEGRAMMENI;;1FA7;;·æß;;03C9 0314 0342 0345
GREEK CAPITAL LETTER OMEGA WITH DASIA AND PERISPOMENI AND PROSGEGRAMMENI;;1FAF;;·æØ;;03A9 0314 0342 0345
GREEK SMALL LETTER OMEGA WITH DASIA AND YPOGEGRAMMENI;;1FA1;;·æ°;;03C9 0314 0345
GREEK CAPITAL LETTER OMEGA WITH DASIA AND PROSGEGRAMMENI;;1FA9;;·æ©;;03A9 0314 0345
GREEK SMALL LETTER OMEGA WITH PERISPOMENI;;1FF6;;·ø∂;;03C9 0342
GREEK SMALL LETTER OMEGA WITH PERISPOMENI AND YPOGEGRAMMENI;;1FF7;;·ø∑;;03C9 0342 0345
GREEK SMALL LETTER OMEGA WITH YPOGEGRAMMENI;;1FF3;;·ø≥;;03C9 0345
GREEK CAPITAL LETTER OMEGA WITH PROSGEGRAMMENI;;1FFC;;·øº;;03A9 0345
MATHEMATICAL BOLD CAPITAL DIGAMMA;;1D7CA;;ùüä;;1D7CA
MATHEMATICAL BOLD SMALL DIGAMMA;;1D7CB;;ùüã;;1D7CB
