PARENTHESIZED LATIN SMALL LETTER A;;249C;;‚íú;;249C
PARENTHESIZED LATIN CAPITAL LETTER A;;1F110;;üÑê;;1F110
PARENTHESIZED LATIN SMALL LETTER B;;249D;;‚íù;;249D
PARENTHESIZED LATIN CAPITAL LETTER B;;1F111;;üÑë;;1F111
PARENTHESIZED LATIN SMALL LETTER C;;249E;;‚íû;;249E
PARENTHESIZED LATIN CAPITAL LETTER C;;1F112;;üÑí;;1F112
PARENTHESIZED LATIN SMALL LETTER D;;249F;;‚íü;;249F
PARENTHESIZED LATIN CAPITAL LETTER D;;1F113;;üÑì;;1F113
PARENTHESIZED LATIN SMALL LETTER E;;24A0;;‚í†;;24A0
PARENTHESIZED LATIN CAPITAL LETTER E;;1F114;;üÑî;;1F114
PARENTHESIZED LATIN SMALL LETTER F;;24A1;;‚í°;;24A1
PARENTHESIZED LATIN CAPITAL LETTER F;;1F115;;üÑï;;1F115
PARENTHESIZED LATIN SMALL LETTER G;;24A2;;‚í¢;;24A2
PARENTHESIZED LATIN CAPITAL LETTER G;;1F116;;üÑñ;;1F116
PARENTHESIZED LATIN SMALL LETTER H;;24A3;;‚í£;;24A3
PARENTHESIZED LATIN CAPITAL LETTER H;;1F117;;üÑó;;1F117
PARENTHESIZED LATIN SMALL LETTER I;;24A4;;‚í§;;24A4
PARENTHESIZED LATIN CAPITAL LETTER I;;1F118;;üÑò;;1F118
PARENTHESIZED LATIN SMALL LETTER J;;24A5;;‚í•;;24A5
PARENTHESIZED LATIN CAPITAL LETTER J;;1F119;;üÑô;;1F119
PARENTHESIZED LATIN SMALL LETTER K;;24A6;;‚í¶;;24A6
PARENTHESIZED LATIN CAPITAL LETTER K;;1F11A;;üÑö;;1F11A
PARENTHESIZED LATIN SMALL LETTER L;;24A7;;‚íß;;24A7
PARENTHESIZED LATIN CAPITAL LETTER L;;1F11B;;üÑõ;;1F11B
PARENTHESIZED LATIN SMALL LETTER M;;24A8;;‚í®;;24A8
PARENTHESIZED LATIN CAPITAL LETTER M;;1F11C;;üÑú;;1F11C
PARENTHESIZED LATIN SMALL LETTER N;;24A9;;‚í©;;24A9
PARENTHESIZED LATIN CAPITAL LETTER N;;1F11D;;üÑù;;1F11D
PARENTHESIZED LATIN SMALL LETTER O;;24AA;;‚í™;;24AA
PARENTHESIZED LATIN CAPITAL LETTER O;;1F11E;;üÑû;;1F11E
PARENTHESIZED LATIN SMALL LETTER P;;24AB;;‚í´;;24AB
PARENTHESIZED LATIN CAPITAL LETTER P;;1F11F;;üÑü;;1F11F
PARENTHESIZED LATIN SMALL LETTER Q;;24AC;;‚í¨;;24AC
PARENTHESIZED LATIN CAPITAL LETTER Q;;1F120;;üÑ†;;1F120
PARENTHESIZED LATIN SMALL LETTER R;;24AD;;‚í≠;;24AD
PARENTHESIZED LATIN CAPITAL LETTER R;;1F121;;üÑ°;;1F121
PARENTHESIZED LATIN SMALL LETTER S;;24AE;;‚íÆ;;24AE
PARENTHESIZED LATIN CAPITAL LETTER S;;1F122;;üÑ¢;;1F122
PARENTHESIZED LATIN SMALL LETTER T;;24AF;;‚íØ;;24AF
PARENTHESIZED LATIN CAPITAL LETTER T;;1F123;;üÑ£;;1F123
PARENTHESIZED LATIN SMALL LETTER U;;24B0;;‚í∞;;24B0
PARENTHESIZED LATIN CAPITAL LETTER U;;1F124;;üÑ§;;1F124
PARENTHESIZED LATIN SMALL LETTER V;;24B1;;‚í±;;24B1
PARENTHESIZED LATIN CAPITAL LETTER V;;1F125;;üÑ•;;1F125
PARENTHESIZED LATIN SMALL LETTER W;;24B2;;‚í≤;;24B2
PARENTHESIZED LATIN CAPITAL LETTER W;;1F126;;üÑ¶;;1F126
PARENTHESIZED LATIN SMALL LETTER X;;24B3;;‚í≥;;24B3
PARENTHESIZED LATIN CAPITAL LETTER X;;1F127;;üÑß;;1F127
PARENTHESIZED LATIN SMALL LETTER Y;;24B4;;‚í¥;;24B4
PARENTHESIZED LATIN CAPITAL LETTER Y;;1F128;;üÑ®;;1F128
PARENTHESIZED LATIN SMALL LETTER Z;;24B5;;‚íµ;;24B5
PARENTHESIZED LATIN CAPITAL LETTER Z;;1F129;;üÑ©;;1F129
FEMININE ORDINAL INDICATOR;;00AA;;¬™;;00AA
MODIFIER LETTER CAPITAL A;;1D2C;;·¥¨;;1D2C
MODIFIER LETTER SMALL A;;1D43;;·µÉ;;1D43
LATIN SUBSCRIPT SMALL LETTER A;;2090;;‚Çê;;2090
CIRCLED LATIN CAPITAL LETTER A;;24B6;;‚í∂;;24B6
CIRCLED LATIN SMALL LETTER A;;24D0;;‚ìê;;24D0
FULLWIDTH LATIN CAPITAL LETTER A;;FF21;;Ôº°;;FF21
FULLWIDTH LATIN SMALL LETTER A;;FF41;;ÔΩÅ;;FF41
MATHEMATICAL BOLD CAPITAL A;;1D400;;ùêÄ;;1D400
MATHEMATICAL BOLD SMALL A;;1D41A;;ùêö;;1D41A
MATHEMATICAL ITALIC CAPITAL A;;1D434;;ùê¥;;1D434
MATHEMATICAL ITALIC SMALL A;;1D44E;;ùëé;;1D44E
MATHEMATICAL BOLD ITALIC CAPITAL A;;1D468;;ùë®;;1D468
MATHEMATICAL BOLD ITALIC SMALL A;;1D482;;ùíÇ;;1D482
MATHEMATICAL SCRIPT CAPITAL A;;1D49C;;ùíú;;1D49C
MATHEMATICAL SCRIPT SMALL A;;1D4B6;;ùí∂;;1D4B6
MATHEMATICAL BOLD SCRIPT CAPITAL A;;1D4D0;;ùìê;;1D4D0
MATHEMATICAL BOLD SCRIPT SMALL A;;1D4EA;;ùì™;;1D4EA
MATHEMATICAL FRAKTUR CAPITAL A;;1D504;;ùîÑ;;1D504
MATHEMATICAL FRAKTUR SMALL A;;1D51E;;ùîû;;1D51E
MATHEMATICAL DOUBLE-STRUCK CAPITAL A;;1D538;;ùî∏;;1D538
MATHEMATICAL DOUBLE-STRUCK SMALL A;;1D552;;ùïí;;1D552
MATHEMATICAL BOLD FRAKTUR CAPITAL A;;1D56C;;ùï¨;;1D56C
MATHEMATICAL BOLD FRAKTUR SMALL A;;1D586;;ùñÜ;;1D586
MATHEMATICAL SANS-SERIF CAPITAL A;;1D5A0;;ùñ†;;1D5A0
MATHEMATICAL SANS-SERIF SMALL A;;1D5BA;;ùñ∫;;1D5BA
MATHEMATICAL SANS-SERIF BOLD CAPITAL A;;1D5D4;;ùóî;;1D5D4
MATHEMATICAL SANS-SERIF BOLD SMALL A;;1D5EE;;ùóÆ;;1D5EE
MATHEMATICAL SANS-SERIF ITALIC CAPITAL A;;1D608;;ùòà;;1D608
MATHEMATICAL SANS-SERIF ITALIC SMALL A;;1D622;;ùò¢;;1D622
MATHEMATICAL SANS-SERIF BOLD ITALIC CAPITAL A;;1D63C;;ùòº;;1D63C
MATHEMATICAL SANS-SERIF BOLD ITALIC SMALL A;;1D656;;ùôñ;;1D656
MATHEMATICAL MONOSPACE CAPITAL A;;1D670;;ùô∞;;1D670
MATHEMATICAL MONOSPACE SMALL A;;1D68A;;ùöä;;1D68A
SQUARED LATIN CAPITAL LETTER A;;1F130;;üÑ∞;;1F130
SQUARE AM;;33C2;;„èÇ;;33C2
ACCOUNT OF;;2100;;‚ÑÄ;;2100
ADDRESSED TO THE SUBJECT;;2101;;‚ÑÅ;;2101
SQUARE AU;;3373;;„ç≥;;3373
LATIN SMALL LETTER A WITH RIGHT HALF RING;;1E9A;;·∫ö;;1E9A
LATIN CAPITAL LETTER A WITH GRAVE;;00C0;;√Ä;;0041 0300
LATIN SMALL LETTER A WITH GRAVE;;00E0;;√†;;0061 0300
LATIN CAPITAL LETTER A WITH ACUTE;;00C1;;√Å;;0041 0301
LATIN SMALL LETTER A WITH ACUTE;;00E1;;√°;;0061 0301
LATIN CAPITAL LETTER A WITH CIRCUMFLEX;;00C2;;√Ç;;0041 0302
LATIN SMALL LETTER A WITH CIRCUMFLEX;;00E2;;√¢;;0061 0302
LATIN CAPITAL LETTER A WITH CIRCUMFLEX AND GRAVE;;1EA6;;·∫¶;;0041 0302 0300
LATIN SMALL LETTER A WITH CIRCUMFLEX AND GRAVE;;1EA7;;·∫ß;;0061 0302 0300
LATIN CAPITAL LETTER A WITH CIRCUMFLEX AND ACUTE;;1EA4;;·∫§;;0041 0302 0301
LATIN SMALL LETTER A WITH CIRCUMFLEX AND ACUTE;;1EA5;;·∫•;;0061 0302 0301
LATIN CAPITAL LETTER A WITH CIRCUMFLEX AND TILDE;;1EAA;;·∫™;;0041 0302 0303
LATIN SMALL LETTER A WITH CIRCUMFLEX AND TILDE;;1EAB;;·∫´;;0061 0302 0303
LATIN CAPITAL LETTER A WITH CIRCUMFLEX AND HOOK ABOVE;;1EA8;;·∫®;;0041 0302 0309
LATIN SMALL LETTER A WITH CIRCUMFLEX AND HOOK ABOVE;;1EA9;;·∫©;;0061 0302 0309
LATIN CAPITAL LETTER A WITH TILDE;;00C3;;√É;;0041 0303
LATIN SMALL LETTER A WITH TILDE;;00E3;;√£;;0061 0303
LATIN CAPITAL LETTER A WITH MACRON;;0100;;ƒÄ;;0041 0304
LATIN SMALL LETTER A WITH MACRON;;0101;;ƒÅ;;0061 0304
LATIN CAPITAL LETTER A WITH BREVE;;0102;;ƒÇ;;0041 0306
LATIN SMALL LETTER A WITH BREVE;;0103;;ƒÉ;;0061 0306
LATIN CAPITAL LETTER A WITH BREVE AND GRAVE;;1EB0;;·∫∞;;0041 0306 0300
LATIN SMALL LETTER A WITH BREVE AND GRAVE;;1EB1;;·∫±;;0061 0306 0300
LATIN CAPITAL LETTER A WITH BREVE AND ACUTE;;1EAE;;·∫Æ;;0041 0306 0301
LATIN SMALL LETTER A WITH BREVE AND ACUTE;;1EAF;;·∫Ø;;0061 0306 0301
LATIN CAPITAL LETTER A WITH BREVE AND TILDE;;1EB4;;·∫¥;;0041 0306 0303
LATIN SMALL LETTER A WITH BREVE AND TILDE;;1EB5;;·∫µ;;0061 0306 0303
LATIN CAPITAL LETTER A WITH BREVE AND HOOK ABOVE;;1EB2;;·∫≤;;0041 0306 0309
LATIN SMALL LETTER A WITH BREVE AND HOOK ABOVE;;1EB3;;·∫≥;;0061 0306 0309
LATIN CAPITAL LETTER A WITH DOT ABOVE;;0226;;»¶;;0041 0307
LATIN SMALL LETTER A WITH DOT ABOVE;;0227;;»ß;;0061 0307
LATIN CAPITAL LETTER A WITH DOT ABOVE AND MACRON;;01E0;;«†;;0041 0307 0304
LATIN SMALL LETTER A WITH DOT ABOVE AND MACRON;;01E1;;«°;;0061 0307 0304
LATIN CAPITAL LETTER A WITH DIAERESIS;;00C4;;√Ñ;;0041 0308
LATIN SMALL LETTER A WITH DIAERESIS;;00E4;;√§;;0061 0308
LATIN CAPITAL LETTER A WITH DIAERESIS AND MACRON;;01DE;;«û;;0041 0308 0304
LATIN SMALL LETTER A WITH DIAERESIS AND MACRON;;01DF;;«ü;;0061 0308 0304
LATIN CAPITAL LETTER A WITH HOOK ABOVE;;1EA2;;·∫¢;;0041 0309
LATIN SMALL LETTER A WITH HOOK ABOVE;;1EA3;;·∫£;;0061 0309
LATIN CAPITAL LETTER A WITH RING ABOVE;;00C5;;√Ö;;0041 030A
LATIN SMALL LETTER A WITH RING ABOVE;;00E5;;√•;;0061 030A
ANGSTROM SIGN;;212B;;√Ö;;0041 030A
LATIN CAPITAL LETTER A WITH RING ABOVE AND ACUTE;;01FA;;«∫;;0041 030A 0301
LATIN SMALL LETTER A WITH RING ABOVE AND ACUTE;;01FB;;«ª;;0061 030A 0301
LATIN CAPITAL LETTER A WITH CARON;;01CD;;«ç;;0041 030C
LATIN SMALL LETTER A WITH CARON;;01CE;;«é;;0061 030C
LATIN CAPITAL LETTER A WITH DOUBLE GRAVE;;0200;;»Ä;;0041 030F
LATIN SMALL LETTER A WITH DOUBLE GRAVE;;0201;;»Å;;0061 030F
LATIN CAPITAL LETTER A WITH INVERTED BREVE;;0202;;»Ç;;0041 0311
LATIN SMALL LETTER A WITH INVERTED BREVE;;0203;;»É;;0061 0311
LATIN CAPITAL LETTER A WITH DOT BELOW;;1EA0;;·∫†;;0041 0323
LATIN SMALL LETTER A WITH DOT BELOW;;1EA1;;·∫°;;0061 0323
LATIN CAPITAL LETTER A WITH CIRCUMFLEX AND DOT BELOW;;1EAC;;·∫¨;;0041 0323 0302
LATIN SMALL LETTER A WITH CIRCUMFLEX AND DOT BELOW;;1EAD;;·∫≠;;0061 0323 0302
LATIN CAPITAL LETTER A WITH BREVE AND DOT BELOW;;1EB6;;·∫∂;;0041 0323 0306
LATIN SMALL LETTER A WITH BREVE AND DOT BELOW;;1EB7;;·∫∑;;0061 0323 0306
LATIN CAPITAL LETTER A WITH RING BELOW;;1E00;;·∏Ä;;0041 0325
LATIN SMALL LETTER A WITH RING BELOW;;1E01;;·∏Å;;0061 0325
LATIN CAPITAL LETTER A WITH OGONEK;;0104;;ƒÑ;;0041 0328
LATIN SMALL LETTER A WITH OGONEK;;0105;;ƒÖ;;0061 0328
SQUARE A OVER M;;33DF;;„èü;;33DF
MODIFIER LETTER CAPITAL B;;1D2E;;·¥Æ;;1D2E
MODIFIER LETTER SMALL B;;1D47;;·µá;;1D47
SCRIPT CAPITAL B;;212C;;‚Ñ¨;;212C
CIRCLED LATIN CAPITAL LETTER B;;24B7;;‚í∑;;24B7
CIRCLED LATIN SMALL LETTER B;;24D1;;‚ìë;;24D1
FULLWIDTH LATIN CAPITAL LETTER B;;FF22;;Ôº¢;;FF22
FULLWIDTH LATIN SMALL LETTER B;;FF42;;ÔΩÇ;;FF42
MATHEMATICAL BOLD CAPITAL B;;1D401;;ùêÅ;;1D401
MATHEMATICAL BOLD SMALL B;;1D41B;;ùêõ;;1D41B
MATHEMATICAL ITALIC CAPITAL B;;1D435;;ùêµ;;1D435
MATHEMATICAL ITALIC SMALL B;;1D44F;;ùëè;;1D44F
MATHEMATICAL BOLD ITALIC CAPITAL B;;1D469;;ùë©;;1D469
MATHEMATICAL BOLD ITALIC SMALL B;;1D483;;ùíÉ;;1D483
MATHEMATICAL SCRIPT SMALL B;;1D4B7;;ùí∑;;1D4B7
MATHEMATICAL BOLD SCRIPT CAPITAL B;;1D4D1;;ùìë;;1D4D1
MATHEMATICAL BOLD SCRIPT SMALL B;;1D4EB;;ùì´;;1D4EB
MATHEMATICAL FRAKTUR CAPITAL B;;1D505;;ùîÖ;;1D505
MATHEMATICAL FRAKTUR SMALL B;;1D51F;;ùîü;;1D51F
MATHEMATICAL DOUBLE-STRUCK CAPITAL B;;1D539;;ùîπ;;1D539
MATHEMATICAL DOUBLE-STRUCK SMALL B;;1D553;;ùïì;;1D553
MATHEMATICAL BOLD FRAKTUR CAPITAL B;;1D56D;;ùï≠;;1D56D
MATHEMATICAL BOLD FRAKTUR SMALL B;;1D587;;ùñá;;1D587
MATHEMATICAL SANS-SERIF CAPITAL B;;1D5A1;;ùñ°;;1D5A1
MATHEMATICAL SANS-SERIF SMALL B;;1D5BB;;ùñª;;1D5BB
MATHEMATICAL SANS-SERIF BOLD CAPITAL B;;1D5D5;;ùóï;;1D5D5
MATHEMATICAL SANS-SERIF BOLD SMALL B;;1D5EF;;ùóØ;;1D5EF
MATHEMATICAL SANS-SERIF ITALIC CAPITAL B;;1D609;;ùòâ;;1D609
MATHEMATICAL SANS-SERIF ITALIC SMALL B;;1D623;;ùò£;;1D623
MATHEMATICAL SANS-SERIF BOLD ITALIC CAPITAL B;;1D63D;;ùòΩ;;1D63D
MATHEMATICAL SANS-SERIF BOLD ITALIC SMALL B;;1D657;;ùôó;;1D657
MATHEMATICAL MONOSPACE CAPITAL B;;1D671;;ùô±;;1D671
MATHEMATICAL MONOSPACE SMALL B;;1D68B;;ùöã;;1D68B
SQUARED LATIN CAPITAL LETTER B;;1F131;;üÑ±;;1F131
SQUARE BAR;;3374;;„ç¥;;3374
SQUARE BQ;;33C3;;„èÉ;;33C3
LATIN CAPITAL LETTER B WITH DOT ABOVE;;1E02;;·∏Ç;;0042 0307
LATIN SMALL LETTER B WITH DOT ABOVE;;1E03;;·∏É;;0062 0307
LATIN CAPITAL LETTER B WITH DOT BELOW;;1E04;;·∏Ñ;;0042 0323
LATIN SMALL LETTER B WITH DOT BELOW;;1E05;;·∏Ö;;0062 0323
LATIN CAPITAL LETTER B WITH LINE BELOW;;1E06;;·∏Ü;;0042 0331
LATIN SMALL LETTER B WITH LINE BELOW;;1E07;;·∏á;;0062 0331
MODIFIER LETTER SMALL C;;1D9C;;·∂ú;;1D9C
DOUBLE-STRUCK CAPITAL C;;2102;;‚ÑÇ;;2102
BLACK-LETTER CAPITAL C;;212D;;‚Ñ≠;;212D
ROMAN NUMERAL ONE HUNDRED;;216D;;‚Ö≠;;216D
SMALL ROMAN NUMERAL ONE HUNDRED;;217D;;‚ÖΩ;;217D
CIRCLED LATIN CAPITAL LETTER C;;24B8;;‚í∏;;24B8
CIRCLED LATIN SMALL LETTER C;;24D2;;‚ìí;;24D2
FULLWIDTH LATIN CAPITAL LETTER C;;FF23;;Ôº£;;FF23
FULLWIDTH LATIN SMALL LETTER C;;FF43;;ÔΩÉ;;FF43
MATHEMATICAL BOLD CAPITAL C;;1D402;;ùêÇ;;1D402
MATHEMATICAL BOLD SMALL C;;1D41C;;ùêú;;1D41C
MATHEMATICAL ITALIC CAPITAL C;;1D436;;ùê∂;;1D436
MATHEMATICAL ITALIC SMALL C;;1D450;;ùëê;;1D450
MATHEMATICAL BOLD ITALIC CAPITAL C;;1D46A;;ùë™;;1D46A
MATHEMATICAL BOLD ITALIC SMALL C;;1D484;;ùíÑ;;1D484
MATHEMATICAL SCRIPT CAPITAL C;;1D49E;;ùíû;;1D49E
MATHEMATICAL SCRIPT SMALL C;;1D4B8;;ùí∏;;1D4B8
MATHEMATICAL BOLD SCRIPT CAPITAL C;;1D4D2;;ùìí;;1D4D2
MATHEMATICAL BOLD SCRIPT SMALL C;;1D4EC;;ùì¨;;1D4EC
MATHEMATICAL FRAKTUR SMALL C;;1D520;;ùî†;;1D520
MATHEMATICAL DOUBLE-STRUCK SMALL C;;1D554;;ùïî;;1D554
MATHEMATICAL BOLD FRAKTUR CAPITAL C;;1D56E;;ùïÆ;;1D56E
MATHEMATICAL BOLD FRAKTUR SMALL C;;1D588;;ùñà;;1D588
MATHEMATICAL SANS-SERIF CAPITAL C;;1D5A2;;ùñ¢;;1D5A2
MATHEMATICAL SANS-SERIF SMALL C;;1D5BC;;ùñº;;1D5BC
MATHEMATICAL SANS-SERIF BOLD CAPITAL C;;1D5D6;;ùóñ;;1D5D6
MATHEMATICAL SANS-SERIF BOLD SMALL C;;1D5F0;;ùó∞;;1D5F0
MATHEMATICAL SANS-SERIF ITALIC CAPITAL C;;1D60A;;ùòä;;1D60A
MATHEMATICAL SANS-SERIF ITALIC SMALL C;;1D624;;ùò§;;1D624
MATHEMATICAL SANS-SERIF BOLD ITALIC CAPITAL C;;1D63E;;ùòæ;;1D63E
MATHEMATICAL SANS-SERIF BOLD ITALIC SMALL C;;1D658;;ùôò;;1D658
MATHEMATICAL MONOSPACE CAPITAL C;;1D672;;ùô≤;;1D672
MATHEMATICAL MONOSPACE SMALL C;;1D68C;;ùöå;;1D68C
CIRCLED ITALIC LATIN CAPITAL LETTER C;;1F12B;;üÑ´;;1F12B
SQUARED LATIN CAPITAL LETTER C;;1F132;;üÑ≤;;1F132
CARE OF;;2105;;‚ÑÖ;;2105
CADA UNA;;2106;;‚ÑÜ;;2106
SQUARE CAL;;3388;;„éà;;3388
SQUARE CC;;33C4;;„èÑ;;33C4
SQUARE CD;;33C5;;„èÖ;;33C5
CIRCLED CD;;1F12D;;üÑ≠;;1F12D
SQUARE CM;;339D;;„éù;;339D
SQUARE CM SQUARED;;33A0;;„é†;;33A0
SQUARE CM CUBED;;33A4;;„é§;;33A4
SQUARE CO;;33C7;;„èá;;33C7
LATIN CAPITAL LETTER C WITH ACUTE;;0106;;ƒÜ;;0043 0301
LATIN SMALL LETTER C WITH ACUTE;;0107;;ƒá;;0063 0301
LATIN CAPITAL LETTER C WITH CIRCUMFLEX;;0108;;ƒà;;0043 0302
LATIN SMALL LETTER C WITH CIRCUMFLEX;;0109;;ƒâ;;0063 0302
LATIN CAPITAL LETTER C WITH DOT ABOVE;;010A;;ƒä;;0043 0307
LATIN SMALL LETTER C WITH DOT ABOVE;;010B;;ƒã;;0063 0307
LATIN CAPITAL LETTER C WITH CARON;;010C;;ƒå;;0043 030C
LATIN SMALL LETTER C WITH CARON;;010D;;ƒç;;0063 030C
LATIN CAPITAL LETTER C WITH CEDILLA;;00C7;;√á;;0043 0327
LATIN SMALL LETTER C WITH CEDILLA;;00E7;;√ß;;0063 0327
LATIN CAPITAL LETTER C WITH CEDILLA AND ACUTE;;1E08;;·∏à;;0043 0327 0301
LATIN SMALL LETTER C WITH CEDILLA AND ACUTE;;1E09;;·∏â;;0063 0327 0301
SQUARE C OVER KG;;33C6;;„èÜ;;33C6
MODIFIER LETTER CAPITAL D;;1D30;;·¥∞;;1D30
MODIFIER LETTER SMALL D;;1D48;;·µà;;1D48
DOUBLE-STRUCK ITALIC CAPITAL D;;2145;;‚ÖÖ;;2145
DOUBLE-STRUCK ITALIC SMALL D;;2146;;‚ÖÜ;;2146
ROMAN NUMERAL FIVE HUNDRED;;216E;;‚ÖÆ;;216E
SMALL ROMAN NUMERAL FIVE HUNDRED;;217E;;‚Öæ;;217E
CIRCLED LATIN CAPITAL LETTER D;;24B9;;‚íπ;;24B9
CIRCLED LATIN SMALL LETTER D;;24D3;;‚ìì;;24D3
FULLWIDTH LATIN CAPITAL LETTER D;;FF24;;Ôº§;;FF24
FULLWIDTH LATIN SMALL LETTER D;;FF44;;ÔΩÑ;;FF44
MATHEMATICAL BOLD CAPITAL D;;1D403;;ùêÉ;;1D403
MATHEMATICAL BOLD SMALL D;;1D41D;;ùêù;;1D41D
MATHEMATICAL ITALIC CAPITAL D;;1D437;;ùê∑;;1D437
MATHEMATICAL ITALIC SMALL D;;1D451;;ùëë;;1D451
MATHEMATICAL BOLD ITALIC CAPITAL D;;1D46B;;ùë´;;1D46B
MATHEMATICAL BOLD ITALIC SMALL D;;1D485;;ùíÖ;;1D485
MATHEMATICAL SCRIPT CAPITAL D;;1D49F;;ùíü;;1D49F
MATHEMATICAL SCRIPT SMALL D;;1D4B9;;ùíπ;;1D4B9
MATHEMATICAL BOLD SCRIPT CAPITAL D;;1D4D3;;ùìì;;1D4D3
MATHEMATICAL BOLD SCRIPT SMALL D;;1D4ED;;ùì≠;;1D4ED
MATHEMATICAL FRAKTUR CAPITAL D;;1D507;;ùîá;;1D507
MATHEMATICAL FRAKTUR SMALL D;;1D521;;ùî°;;1D521
MATHEMATICAL DOUBLE-STRUCK CAPITAL D;;1D53B;;ùîª;;1D53B
MATHEMATICAL DOUBLE-STRUCK SMALL D;;1D555;;ùïï;;1D555
MATHEMATICAL BOLD FRAKTUR CAPITAL D;;1D56F;;ùïØ;;1D56F
MATHEMATICAL BOLD FRAKTUR SMALL D;;1D589;;ùñâ;;1D589
MATHEMATICAL SANS-SERIF CAPITAL D;;1D5A3;;ùñ£;;1D5A3
MATHEMATICAL SANS-SERIF SMALL D;;1D5BD;;ùñΩ;;1D5BD
MATHEMATICAL SANS-SERIF BOLD CAPITAL D;;1D5D7;;ùóó;;1D5D7
MATHEMATICAL SANS-SERIF BOLD SMALL D;;1D5F1;;ùó±;;1D5F1
MATHEMATICAL SANS-SERIF ITALIC CAPITAL D;;1D60B;;ùòã;;1D60B
MATHEMATICAL SANS-SERIF ITALIC SMALL D;;1D625;;ùò•;;1D625
MATHEMATICAL SANS-SERIF BOLD ITALIC CAPITAL D;;1D63F;;ùòø;;1D63F
MATHEMATICAL SANS-SERIF BOLD ITALIC SMALL D;;1D659;;ùôô;;1D659
MATHEMATICAL MONOSPACE CAPITAL D;;1D673;;ùô≥;;1D673
MATHEMATICAL MONOSPACE SMALL D;;1D68D;;ùöç;;1D68D
SQUARED LATIN CAPITAL LETTER D;;1F133;;üÑ≥;;1F133
SQUARE DA;;3372;;„ç≤;;3372
SQUARE DB;;33C8;;„èà;;33C8
SQUARE DJ;;1F190;;üÜê;;1F190
SQUARE DL;;3397;;„éó;;3397
SQUARE DM;;3377;;„ç∑;;3377
SQUARE DM SQUARED;;3378;;„ç∏;;3378
SQUARE DM CUBED;;3379;;„çπ;;3379
LATIN CAPITAL LETTER DZ;;01F1;;«±;;01F1
LATIN CAPITAL LETTER D WITH SMALL LETTER Z;;01F2;;«≤;;01F2
LATIN SMALL LETTER DZ;;01F3;;«≥;;01F3
LATIN CAPITAL LETTER DZ WITH CARON;;01C4;;«Ñ;;01C4
LATIN CAPITAL LETTER D WITH SMALL LETTER Z WITH CARON;;01C5;;«Ö;;01C5
LATIN SMALL LETTER DZ WITH CARON;;01C6;;«Ü;;01C6
LATIN CAPITAL LETTER D WITH DOT ABOVE;;1E0A;;·∏ä;;0044 0307
LATIN SMALL LETTER D WITH DOT ABOVE;;1E0B;;·∏ã;;0064 0307
LATIN CAPITAL LETTER D WITH CARON;;010E;;ƒé;;0044 030C
LATIN SMALL LETTER D WITH CARON;;010F;;ƒè;;0064 030C
LATIN CAPITAL LETTER D WITH DOT BELOW;;1E0C;;·∏å;;0044 0323
LATIN SMALL LETTER D WITH DOT BELOW;;1E0D;;·∏ç;;0064 0323
LATIN CAPITAL LETTER D WITH CEDILLA;;1E10;;·∏ê;;0044 0327
LATIN SMALL LETTER D WITH CEDILLA;;1E11;;·∏ë;;0064 0327
LATIN CAPITAL LETTER D WITH CIRCUMFLEX BELOW;;1E12;;·∏í;;0044 032D
LATIN SMALL LETTER D WITH CIRCUMFLEX BELOW;;1E13;;·∏ì;;0064 032D
LATIN CAPITAL LETTER D WITH LINE BELOW;;1E0E;;·∏é;;0044 0331
LATIN SMALL LETTER D WITH LINE BELOW;;1E0F;;·∏è;;0064 0331
MODIFIER LETTER CAPITAL E;;1D31;;·¥±;;1D31
MODIFIER LETTER SMALL E;;1D49;;·µâ;;1D49
LATIN SUBSCRIPT SMALL LETTER E;;2091;;‚Çë;;2091
SCRIPT SMALL E;;212F;;‚ÑØ;;212F
SCRIPT CAPITAL E;;2130;;‚Ñ∞;;2130
DOUBLE-STRUCK ITALIC SMALL E;;2147;;‚Öá;;2147
CIRCLED LATIN CAPITAL LETTER E;;24BA;;‚í∫;;24BA
CIRCLED LATIN SMALL LETTER E;;24D4;;‚ìî;;24D4
FULLWIDTH LATIN CAPITAL LETTER E;;FF25;;Ôº•;;FF25
FULLWIDTH LATIN SMALL LETTER E;;FF45;;ÔΩÖ;;FF45
MATHEMATICAL BOLD CAPITAL E;;1D404;;ùêÑ;;1D404
MATHEMATICAL BOLD SMALL E;;1D41E;;ùêû;;1D41E
MATHEMATICAL ITALIC CAPITAL E;;1D438;;ùê∏;;1D438
MATHEMATICAL ITALIC SMALL E;;1D452;;ùëí;;1D452
MATHEMATICAL BOLD ITALIC CAPITAL E;;1D46C;;ùë¨;;1D46C
MATHEMATICAL BOLD ITALIC SMALL E;;1D486;;ùíÜ;;1D486
MATHEMATICAL BOLD SCRIPT CAPITAL E;;1D4D4;;ùìî;;1D4D4
MATHEMATICAL BOLD SCRIPT SMALL E;;1D4EE;;ùìÆ;;1D4EE
MATHEMATICAL FRAKTUR CAPITAL E;;1D508;;ùîà;;1D508
MATHEMATICAL FRAKTUR SMALL E;;1D522;;ùî¢;;1D522
MATHEMATICAL DOUBLE-STRUCK CAPITAL E;;1D53C;;ùîº;;1D53C
MATHEMATICAL DOUBLE-STRUCK SMALL E;;1D556;;ùïñ;;1D556
MATHEMATICAL BOLD FRAKTUR CAPITAL E;;1D570;;ùï∞;;1D570
MATHEMATICAL BOLD FRAKTUR SMALL E;;1D58A;;ùñä;;1D58A
MATHEMATICAL SANS-SERIF CAPITAL E;;1D5A4;;ùñ§;;1D5A4
MATHEMATICAL SANS-SERIF SMALL E;;1D5BE;;ùñæ;;1D5BE
MATHEMATICAL SANS-SERIF BOLD CAPITAL E;;1D5D8;;ùóò;;1D5D8
MATHEMATICAL SANS-SERIF BOLD SMALL E;;1D5F2;;ùó≤;;1D5F2
MATHEMATICAL SANS-SERIF ITALIC CAPITAL E;;1D60C;;ùòå;;1D60C
MATHEMATICAL SANS-SERIF ITALIC SMALL E;;1D626;;ùò¶;;1D626
MATHEMATICAL SANS-SERIF BOLD ITALIC CAPITAL E;;1D640;;ùôÄ;;1D640
MATHEMATICAL SANS-SERIF BOLD ITALIC SMALL E;;1D65A;;ùôö;;1D65A
MATHEMATICAL MONOSPACE CAPITAL E;;1D674;;ùô¥;;1D674
MATHEMATICAL MONOSPACE SMALL E;;1D68E;;ùöé;;1D68E
SQUARED LATIN CAPITAL LETTER E;;1F134;;üÑ¥;;1F134
SQUARE ERG;;32CD;;„ãç;;32CD
SQUARE EV;;32CE;;„ãé;;32CE
LATIN CAPITAL LETTER E WITH GRAVE;;00C8;;√à;;0045 0300
LATIN SMALL LETTER E WITH GRAVE;;00E8;;√®;;0065 0300
LATIN CAPITAL LETTER E WITH ACUTE;;00C9;;√â;;0045 0301
LATIN SMALL LETTER E WITH ACUTE;;00E9;;√©;;0065 0301
LATIN CAPITAL LETTER E WITH CIRCUMFLEX;;00CA;;√ä;;0045 0302
LATIN SMALL LETTER E WITH CIRCUMFLEX;;00EA;;√™;;0065 0302
LATIN CAPITAL LETTER E WITH CIRCUMFLEX AND GRAVE;;1EC0;;·ªÄ;;0045 0302 0300
LATIN SMALL LETTER E WITH CIRCUMFLEX AND GRAVE;;1EC1;;·ªÅ;;0065 0302 0300
LATIN CAPITAL LETTER E WITH CIRCUMFLEX AND ACUTE;;1EBE;;·∫æ;;0045 0302 0301
LATIN SMALL LETTER E WITH CIRCUMFLEX AND ACUTE;;1EBF;;·∫ø;;0065 0302 0301
LATIN CAPITAL LETTER E WITH CIRCUMFLEX AND TILDE;;1EC4;;·ªÑ;;0045 0302 0303
LATIN SMALL LETTER E WITH CIRCUMFLEX AND TILDE;;1EC5;;·ªÖ;;0065 0302 0303
LATIN CAPITAL LETTER E WITH CIRCUMFLEX AND HOOK ABOVE;;1EC2;;·ªÇ;;0045 0302 0309
LATIN SMALL LETTER E WITH CIRCUMFLEX AND HOOK ABOVE;;1EC3;;·ªÉ;;0065 0302 0309
LATIN CAPITAL LETTER E WITH TILDE;;1EBC;;·∫º;;0045 0303
LATIN SMALL LETTER E WITH TILDE;;1EBD;;·∫Ω;;0065 0303
LATIN CAPITAL LETTER E WITH MACRON;;0112;;ƒí;;0045 0304
LATIN SMALL LETTER E WITH MACRON;;0113;;ƒì;;0065 0304
LATIN CAPITAL LETTER E WITH MACRON AND GRAVE;;1E14;;·∏î;;0045 0304 0300
LATIN SMALL LETTER E WITH MACRON AND GRAVE;;1E15;;·∏ï;;0065 0304 0300
LATIN CAPITAL LETTER E WITH MACRON AND ACUTE;;1E16;;·∏ñ;;0045 0304 0301
LATIN SMALL LETTER E WITH MACRON AND ACUTE;;1E17;;·∏ó;;0065 0304 0301
LATIN CAPITAL LETTER E WITH BREVE;;0114;;ƒî;;0045 0306
LATIN SMALL LETTER E WITH BREVE;;0115;;ƒï;;0065 0306
LATIN CAPITAL LETTER E WITH DOT ABOVE;;0116;;ƒñ;;0045 0307
LATIN SMALL LETTER E WITH DOT ABOVE;;0117;;ƒó;;0065 0307
LATIN CAPITAL LETTER E WITH DIAERESIS;;00CB;;√ã;;0045 0308
LATIN SMALL LETTER E WITH DIAERESIS;;00EB;;√´;;0065 0308
LATIN CAPITAL LETTER E WITH HOOK ABOVE;;1EBA;;·∫∫;;0045 0309
LATIN SMALL LETTER E WITH HOOK ABOVE;;1EBB;;·∫ª;;0065 0309
LATIN CAPITAL LETTER E WITH CARON;;011A;;ƒö;;0045 030C
LATIN SMALL LETTER E WITH CARON;;011B;;ƒõ;;0065 030C
LATIN CAPITAL LETTER E WITH DOUBLE GRAVE;;0204;;»Ñ;;0045 030F
LATIN SMALL LETTER E WITH DOUBLE GRAVE;;0205;;»Ö;;0065 030F
LATIN CAPITAL LETTER E WITH INVERTED BREVE;;0206;;»Ü;;0045 0311
LATIN SMALL LETTER E WITH INVERTED BREVE;;0207;;»á;;0065 0311
LATIN CAPITAL LETTER E WITH DOT BELOW;;1EB8;;·∫∏;;0045 0323
LATIN SMALL LETTER E WITH DOT BELOW;;1EB9;;·∫π;;0065 0323
LATIN CAPITAL LETTER E WITH CIRCUMFLEX AND DOT BELOW;;1EC6;;·ªÜ;;0045 0323 0302
LATIN SMALL LETTER E WITH CIRCUMFLEX AND DOT BELOW;;1EC7;;·ªá;;0065 0323 0302
LATIN CAPITAL LETTER E WITH CEDILLA;;0228;;»®;;0045 0327
LATIN SMALL LETTER E WITH CEDILLA;;0229;;»©;;0065 0327
LATIN CAPITAL LETTER E WITH CEDILLA AND BREVE;;1E1C;;·∏ú;;0045 0327 0306
LATIN SMALL LETTER E WITH CEDILLA AND BREVE;;1E1D;;·∏ù;;0065 0327 0306
LATIN CAPITAL LETTER E WITH OGONEK;;0118;;ƒò;;0045 0328
LATIN SMALL LETTER E WITH OGONEK;;0119;;ƒô;;0065 0328
LATIN CAPITAL LETTER E WITH CIRCUMFLEX BELOW;;1E18;;·∏ò;;0045 032D
LATIN SMALL LETTER E WITH CIRCUMFLEX BELOW;;1E19;;·∏ô;;0065 032D
LATIN CAPITAL LETTER E WITH TILDE BELOW;;1E1A;;·∏ö;;0045 0330
LATIN SMALL LETTER E WITH TILDE BELOW;;1E1B;;·∏õ;;0065 0330
MODIFIER LETTER SMALL F;;1DA0;;·∂†;;1DA0
SCRIPT CAPITAL F;;2131;;‚Ñ±;;2131
CIRCLED LATIN CAPITAL LETTER F;;24BB;;‚íª;;24BB
CIRCLED LATIN SMALL LETTER F;;24D5;;‚ìï;;24D5
FULLWIDTH LATIN CAPITAL LETTER F;;FF26;;Ôº¶;;FF26
FULLWIDTH LATIN SMALL LETTER F;;FF46;;ÔΩÜ;;FF46
MATHEMATICAL BOLD CAPITAL F;;1D405;;ùêÖ;;1D405
MATHEMATICAL BOLD SMALL F;;1D41F;;ùêü;;1D41F
MATHEMATICAL ITALIC CAPITAL F;;1D439;;ùêπ;;1D439
MATHEMATICAL ITALIC SMALL F;;1D453;;ùëì;;1D453
MATHEMATICAL BOLD ITALIC CAPITAL F;;1D46D;;ùë≠;;1D46D
MATHEMATICAL BOLD ITALIC SMALL F;;1D487;;ùíá;;1D487
MATHEMATICAL SCRIPT SMALL F;;1D4BB;;ùíª;;1D4BB
MATHEMATICAL BOLD SCRIPT CAPITAL F;;1D4D5;;ùìï;;1D4D5
MATHEMATICAL BOLD SCRIPT SMALL F;;1D4EF;;ùìØ;;1D4EF
MATHEMATICAL FRAKTUR CAPITAL F;;1D509;;ùîâ;;1D509
MATHEMATICAL FRAKTUR SMALL F;;1D523;;ùî£;;1D523
MATHEMATICAL DOUBLE-STRUCK CAPITAL F;;1D53D;;ùîΩ;;1D53D
MATHEMATICAL DOUBLE-STRUCK SMALL F;;1D557;;ùïó;;1D557
MATHEMATICAL BOLD FRAKTUR CAPITAL F;;1D571;;ùï±;;1D571
MATHEMATICAL BOLD FRAKTUR SMALL F;;1D58B;;ùñã;;1D58B
MATHEMATICAL SANS-SERIF CAPITAL F;;1D5A5;;ùñ•;;1D5A5
MATHEMATICAL SANS-SERIF SMALL F;;1D5BF;;ùñø;;1D5BF
MATHEMATICAL SANS-SERIF BOLD CAPITAL F;;1D5D9;;ùóô;;1D5D9
MATHEMATICAL SANS-SERIF BOLD SMALL F;;1D5F3;;ùó≥;;1D5F3
MATHEMATICAL SANS-SERIF ITALIC CAPITAL F;;1D60D;;ùòç;;1D60D
MATHEMATICAL SANS-SERIF ITALIC SMALL F;;1D627;;ùòß;;1D627
MATHEMATICAL SANS-SERIF BOLD ITALIC CAPITAL F;;1D641;;ùôÅ;;1D641
MATHEMATICAL SANS-SERIF BOLD ITALIC SMALL F;;1D65B;;ùôõ;;1D65B
MATHEMATICAL MONOSPACE CAPITAL F;;1D675;;ùôµ;;1D675
MATHEMATICAL MONOSPACE SMALL F;;1D68F;;ùöè;;1D68F
SQUARED LATIN CAPITAL LETTER F;;1F135;;üÑµ;;1F135
FACSIMILE SIGN;;213B;;‚Ñª;;213B
LATIN SMALL LIGATURE FF;;FB00;;Ô¨Ä;;FB00
LATIN SMALL LIGATURE FFI;;FB03;;Ô¨É;;FB03
LATIN SMALL LIGATURE FFL;;FB04;;Ô¨Ñ;;FB04
LATIN SMALL LIGATURE FI;;FB01;;Ô¨Å;;FB01
LATIN SMALL LIGATURE FL;;FB02;;Ô¨Ç;;FB02
SQUARE FM;;3399;;„éô;;3399
LATIN CAPITAL LETTER F WITH DOT ABOVE;;1E1E;;·∏û;;0046 0307
LATIN SMALL LETTER F WITH DOT ABOVE;;1E1F;;·∏ü;;0066 0307
MODIFIER LETTER CAPITAL G;;1D33;;·¥≥;;1D33
MODIFIER LETTER SMALL G;;1D4D;;·µç;;1D4D
SCRIPT SMALL G;;210A;;‚Ñä;;210A
CIRCLED LATIN CAPITAL LETTER G;;24BC;;‚íº;;24BC
CIRCLED LATIN SMALL LETTER G;;24D6;;‚ìñ;;24D6
FULLWIDTH LATIN CAPITAL LETTER G;;FF27;;Ôºß;;FF27
FULLWIDTH LATIN SMALL LETTER G;;FF47;;ÔΩá;;FF47
MATHEMATICAL BOLD CAPITAL G;;1D406;;ùêÜ;;1D406
MATHEMATICAL BOLD SMALL G;;1D420;;ùê†;;1D420
MATHEMATICAL ITALIC CAPITAL G;;1D43A;;ùê∫;;1D43A
MATHEMATICAL ITALIC SMALL G;;1D454;;ùëî;;1D454
MATHEMATICAL BOLD ITALIC CAPITAL G;;1D46E;;ùëÆ;;1D46E
MATHEMATICAL BOLD ITALIC SMALL G;;1D488;;ùíà;;1D488
MATHEMATICAL SCRIPT CAPITAL G;;1D4A2;;ùí¢;;1D4A2
MATHEMATICAL BOLD SCRIPT CAPITAL G;;1D4D6;;ùìñ;;1D4D6
MATHEMATICAL BOLD SCRIPT SMALL G;;1D4F0;;ùì∞;;1D4F0
MATHEMATICAL FRAKTUR CAPITAL G;;1D50A;;ùîä;;1D50A
MATHEMATICAL FRAKTUR SMALL G;;1D524;;ùî§;;1D524
MATHEMATICAL DOUBLE-STRUCK CAPITAL G;;1D53E;;ùîæ;;1D53E
MATHEMATICAL DOUBLE-STRUCK SMALL G;;1D558;;ùïò;;1D558
MATHEMATICAL BOLD FRAKTUR CAPITAL G;;1D572;;ùï≤;;1D572
MATHEMATICAL BOLD FRAKTUR SMALL G;;1D58C;;ùñå;;1D58C
MATHEMATICAL SANS-SERIF CAPITAL G;;1D5A6;;ùñ¶;;1D5A6
MATHEMATICAL SANS-SERIF SMALL G;;1D5C0;;ùóÄ;;1D5C0
MATHEMATICAL SANS-SERIF BOLD CAPITAL G;;1D5DA;;ùóö;;1D5DA
MATHEMATICAL SANS-SERIF BOLD SMALL G;;1D5F4;;ùó¥;;1D5F4
MATHEMATICAL SANS-SERIF ITALIC CAPITAL G;;1D60E;;ùòé;;1D60E
MATHEMATICAL SANS-SERIF ITALIC SMALL G;;1D628;;ùò®;;1D628
MATHEMATICAL SANS-SERIF BOLD ITALIC CAPITAL G;;1D642;;ùôÇ;;1D642
MATHEMATICAL SANS-SERIF BOLD ITALIC SMALL G;;1D65C;;ùôú;;1D65C
MATHEMATICAL MONOSPACE CAPITAL G;;1D676;;ùô∂;;1D676
MATHEMATICAL MONOSPACE SMALL G;;1D690;;ùöê;;1D690
SQUARED LATIN CAPITAL LETTER G;;1F136;;üÑ∂;;1F136
SQUARE GAL;;33FF;;„èø;;33FF
SQUARE GB;;3387;;„éá;;3387
SQUARE GHZ;;3393;;„éì;;3393
SQUARE GPA;;33AC;;„é¨;;33AC
SQUARE GY;;33C9;;„èâ;;33C9
LATIN CAPITAL LETTER G WITH ACUTE;;01F4;;«¥;;0047 0301
LATIN SMALL LETTER G WITH ACUTE;;01F5;;«µ;;0067 0301
LATIN CAPITAL LETTER G WITH CIRCUMFLEX;;011C;;ƒú;;0047 0302
LATIN SMALL LETTER G WITH CIRCUMFLEX;;011D;;ƒù;;0067 0302
LATIN CAPITAL LETTER G WITH MACRON;;1E20;;·∏†;;0047 0304
LATIN SMALL LETTER G WITH MACRON;;1E21;;·∏°;;0067 0304
LATIN CAPITAL LETTER G WITH BREVE;;011E;;ƒû;;0047 0306
LATIN SMALL LETTER G WITH BREVE;;011F;;ƒü;;0067 0306
LATIN CAPITAL LETTER G WITH DOT ABOVE;;0120;;ƒ†;;0047 0307
LATIN SMALL LETTER G WITH DOT ABOVE;;0121;;ƒ°;;0067 0307
LATIN CAPITAL LETTER G WITH CARON;;01E6;;«¶;;0047 030C
LATIN SMALL LETTER G WITH CARON;;01E7;;«ß;;0067 030C
LATIN CAPITAL LETTER G WITH CEDILLA;;0122;;ƒ¢;;0047 0327
LATIN SMALL LETTER G WITH CEDILLA;;0123;;ƒ£;;0067 0327
MODIFIER LETTER SMALL H;;02B0;; ∞;;02B0
MODIFIER LETTER CAPITAL H;;1D34;;·¥¥;;1D34
LATIN SUBSCRIPT SMALL LETTER H;;2095;;‚Çï;;2095
SCRIPT CAPITAL H;;210B;;‚Ñã;;210B
BLACK-LETTER CAPITAL H;;210C;;‚Ñå;;210C
DOUBLE-STRUCK CAPITAL H;;210D;;‚Ñç;;210D
PLANCK CONSTANT;;210E;;‚Ñé;;210E
CIRCLED LATIN CAPITAL LETTER H;;24BD;;‚íΩ;;24BD
CIRCLED LATIN SMALL LETTER H;;24D7;;‚ìó;;24D7
FULLWIDTH LATIN CAPITAL LETTER H;;FF28;;Ôº®;;FF28
FULLWIDTH LATIN SMALL LETTER H;;FF48;;ÔΩà;;FF48
MATHEMATICAL BOLD CAPITAL H;;1D407;;ùêá;;1D407
MATHEMATICAL BOLD SMALL H;;1D421;;ùê°;;1D421
MATHEMATICAL ITALIC CAPITAL H;;1D43B;;ùêª;;1D43B
MATHEMATICAL BOLD ITALIC CAPITAL H;;1D46F;;ùëØ;;1D46F
MATHEMATICAL BOLD ITALIC SMALL H;;1D489;;ùíâ;;1D489
MATHEMATICAL SCRIPT SMALL H;;1D4BD;;ùíΩ;;1D4BD
MATHEMATICAL BOLD SCRIPT CAPITAL H;;1D4D7;;ùìó;;1D4D7
MATHEMATICAL BOLD SCRIPT SMALL H;;1D4F1;;ùì±;;1D4F1
MATHEMATICAL FRAKTUR SMALL H;;1D525;;ùî•;;1D525
MATHEMATICAL DOUBLE-STRUCK SMALL H;;1D559;;ùïô;;1D559
MATHEMATICAL BOLD FRAKTUR CAPITAL H;;1D573;;ùï≥;;1D573
MATHEMATICAL BOLD FRAKTUR SMALL H;;1D58D;;ùñç;;1D58D
MATHEMATICAL SANS-SERIF CAPITAL H;;1D5A7;;ùñß;;1D5A7
MATHEMATICAL SANS-SERIF SMALL H;;1D5C1;;ùóÅ;;1D5C1
MATHEMATICAL SANS-SERIF BOLD CAPITAL H;;1D5DB;;ùóõ;;1D5DB
MATHEMATICAL SANS-SERIF BOLD SMALL H;;1D5F5;;ùóµ;;1D5F5
MATHEMATICAL SANS-SERIF ITALIC CAPITAL H;;1D60F;;ùòè;;1D60F
MATHEMATICAL SANS-SERIF ITALIC SMALL H;;1D629;;ùò©;;1D629
MATHEMATICAL SANS-SERIF BOLD ITALIC CAPITAL H;;1D643;;ùôÉ;;1D643
MATHEMATICAL SANS-SERIF BOLD ITALIC SMALL H;;1D65D;;ùôù;;1D65D
MATHEMATICAL MONOSPACE CAPITAL H;;1D677;;ùô∑;;1D677
MATHEMATICAL MONOSPACE SMALL H;;1D691;;ùöë;;1D691
SQUARED LATIN CAPITAL LETTER H;;1F137;;üÑ∑;;1F137
SQUARE HA;;33CA;;„èä;;33CA
SQUARE HG;;32CC;;„ãå;;32CC
SQUARE HP;;33CB;;„èã;;33CB
SQUARE HPA;;3371;;„ç±;;3371
SQUARED HV;;1F14A;;üÖä;;1F14A
SQUARE HZ;;3390;;„éê;;3390
LATIN CAPITAL LETTER H WITH CIRCUMFLEX;;0124;;ƒ§;;0048 0302
LATIN SMALL LETTER H WITH CIRCUMFLEX;;0125;;ƒ•;;0068 0302
LATIN CAPITAL LETTER H WITH DOT ABOVE;;1E22;;·∏¢;;0048 0307
LATIN SMALL LETTER H WITH DOT ABOVE;;1E23;;·∏£;;0068 0307
LATIN CAPITAL LETTER H WITH DIAERESIS;;1E26;;·∏¶;;0048 0308
LATIN SMALL LETTER H WITH DIAERESIS;;1E27;;·∏ß;;0068 0308
LATIN CAPITAL LETTER H WITH CARON;;021E;;»û;;0048 030C
LATIN SMALL LETTER H WITH CARON;;021F;;»ü;;0068 030C
LATIN CAPITAL LETTER H WITH DOT BELOW;;1E24;;·∏§;;0048 0323
LATIN SMALL LETTER H WITH DOT BELOW;;1E25;;·∏•;;0068 0323
LATIN CAPITAL LETTER H WITH CEDILLA;;1E28;;·∏®;;0048 0327
LATIN SMALL LETTER H WITH CEDILLA;;1E29;;·∏©;;0068 0327
LATIN CAPITAL LETTER H WITH BREVE BELOW;;1E2A;;·∏™;;0048 032E
LATIN SMALL LETTER H WITH BREVE BELOW;;1E2B;;·∏´;;0068 032E
LATIN SMALL LETTER H WITH LINE BELOW;;1E96;;·∫ñ;;0068 0331
MODIFIER LETTER CAPITAL I;;1D35;;·¥µ;;1D35
LATIN SUBSCRIPT SMALL LETTER I;;1D62;;·µ¢;;1D62
SUPERSCRIPT LATIN SMALL LETTER I;;2071;;‚Å±;;2071
SCRIPT CAPITAL I;;2110;;‚Ñê;;2110
BLACK-LETTER CAPITAL I;;2111;;‚Ñë;;2111
INFORMATION SOURCE;;2139;;‚Ñπ;;2139
DOUBLE-STRUCK ITALIC SMALL I;;2148;;‚Öà;;2148
ROMAN NUMERAL ONE;;2160;;‚Ö†;;2160
SMALL ROMAN NUMERAL ONE;;2170;;‚Ö∞;;2170
CIRCLED LATIN CAPITAL LETTER I;;24BE;;‚íæ;;24BE
CIRCLED LATIN SMALL LETTER I;;24D8;;‚ìò;;24D8
FULLWIDTH LATIN CAPITAL LETTER I;;FF29;;Ôº©;;FF29
FULLWIDTH LATIN SMALL LETTER I;;FF49;;ÔΩâ;;FF49
MATHEMATICAL BOLD CAPITAL I;;1D408;;ùêà;;1D408
MATHEMATICAL BOLD SMALL I;;1D422;;ùê¢;;1D422
MATHEMATICAL ITALIC CAPITAL I;;1D43C;;ùêº;;1D43C
MATHEMATICAL ITALIC SMALL I;;1D456;;ùëñ;;1D456
MATHEMATICAL BOLD ITALIC CAPITAL I;;1D470;;ùë∞;;1D470
MATHEMATICAL BOLD ITALIC SMALL I;;1D48A;;ùíä;;1D48A
MATHEMATICAL SCRIPT SMALL I;;1D4BE;;ùíæ;;1D4BE
MATHEMATICAL BOLD SCRIPT CAPITAL I;;1D4D8;;ùìò;;1D4D8
MATHEMATICAL BOLD SCRIPT SMALL I;;1D4F2;;ùì≤;;1D4F2
MATHEMATICAL FRAKTUR SMALL I;;1D526;;ùî¶;;1D526
MATHEMATICAL DOUBLE-STRUCK CAPITAL I;;1D540;;ùïÄ;;1D540
MATHEMATICAL DOUBLE-STRUCK SMALL I;;1D55A;;ùïö;;1D55A
MATHEMATICAL BOLD FRAKTUR CAPITAL I;;1D574;;ùï¥;;1D574
MATHEMATICAL BOLD FRAKTUR SMALL I;;1D58E;;ùñé;;1D58E
MATHEMATICAL SANS-SERIF CAPITAL I;;1D5A8;;ùñ®;;1D5A8
MATHEMATICAL SANS-SERIF SMALL I;;1D5C2;;ùóÇ;;1D5C2
MATHEMATICAL SANS-SERIF BOLD CAPITAL I;;1D5DC;;ùóú;;1D5DC
MATHEMATICAL SANS-SERIF BOLD SMALL I;;1D5F6;;ùó∂;;1D5F6
MATHEMATICAL SANS-SERIF ITALIC CAPITAL I;;1D610;;ùòê;;1D610
MATHEMATICAL SANS-SERIF ITALIC SMALL I;;1D62A;;ùò™;;1D62A
MATHEMATICAL SANS-SERIF BOLD ITALIC CAPITAL I;;1D644;;ùôÑ;;1D644
MATHEMATICAL SANS-SERIF BOLD ITALIC SMALL I;;1D65E;;ùôû;;1D65E
MATHEMATICAL MONOSPACE CAPITAL I;;1D678;;ùô∏;;1D678
MATHEMATICAL MONOSPACE SMALL I;;1D692;;ùöí;;1D692
SQUARED LATIN CAPITAL LETTER I;;1F138;;üÑ∏;;1F138
ROMAN NUMERAL TWO;;2161;;‚Ö°;;2161
SMALL ROMAN NUMERAL TWO;;2171;;‚Ö±;;2171
ROMAN NUMERAL THREE;;2162;;‚Ö¢;;2162
SMALL ROMAN NUMERAL THREE;;2172;;‚Ö≤;;2172
LATIN CAPITAL LIGATURE IJ;;0132;;ƒ≤;;0132
LATIN SMALL LIGATURE IJ;;0133;;ƒ≥;;0133
SQUARE IN;;33CC;;„èå;;33CC
SQUARE IU;;337A;;„ç∫;;337A
ROMAN NUMERAL FOUR;;2163;;‚Ö£;;2163
SMALL ROMAN NUMERAL FOUR;;2173;;‚Ö≥;;2173
ROMAN NUMERAL NINE;;2168;;‚Ö®;;2168
SMALL ROMAN NUMERAL NINE;;2178;;‚Ö∏;;2178
LATIN CAPITAL LETTER I WITH GRAVE;;00CC;;√å;;0049 0300
LATIN SMALL LETTER I WITH GRAVE;;00EC;;√¨;;0069 0300
LATIN CAPITAL LETTER I WITH ACUTE;;00CD;;√ç;;0049 0301
LATIN SMALL LETTER I WITH ACUTE;;00ED;;√≠;;0069 0301
LATIN CAPITAL LETTER I WITH CIRCUMFLEX;;00CE;;√é;;0049 0302
LATIN SMALL LETTER I WITH CIRCUMFLEX;;00EE;;√Æ;;0069 0302
LATIN CAPITAL LETTER I WITH TILDE;;0128;;ƒ®;;0049 0303
LATIN SMALL LETTER I WITH TILDE;;0129;;ƒ©;;0069 0303
LATIN CAPITAL LETTER I WITH MACRON;;012A;;ƒ™;;0049 0304
LATIN SMALL LETTER I WITH MACRON;;012B;;ƒ´;;0069 0304
LATIN CAPITAL LETTER I WITH BREVE;;012C;;ƒ¨;;0049 0306
LATIN SMALL LETTER I WITH BREVE;;012D;;ƒ≠;;0069 0306
LATIN CAPITAL LETTER I WITH DOT ABOVE;;0130;;ƒ∞;;0049 0307
LATIN CAPITAL LETTER I WITH DIAERESIS;;00CF;;√è;;0049 0308
LATIN SMALL LETTER I WITH DIAERESIS;;00EF;;√Ø;;0069 0308
LATIN CAPITAL LETTER I WITH DIAERESIS AND ACUTE;;1E2E;;·∏Æ;;0049 0308 0301
LATIN SMALL LETTER I WITH DIAERESIS AND ACUTE;;1E2F;;·∏Ø;;0069 0308 0301
LATIN CAPITAL LETTER I WITH HOOK ABOVE;;1EC8;;·ªà;;0049 0309
LATIN SMALL LETTER I WITH HOOK ABOVE;;1EC9;;·ªâ;;0069 0309
LATIN CAPITAL LETTER I WITH CARON;;01CF;;«è;;0049 030C
LATIN SMALL LETTER I WITH CARON;;01D0;;«ê;;0069 030C
LATIN CAPITAL LETTER I WITH DOUBLE GRAVE;;0208;;»à;;0049 030F
LATIN SMALL LETTER I WITH DOUBLE GRAVE;;0209;;»â;;0069 030F
LATIN CAPITAL LETTER I WITH INVERTED BREVE;;020A;;»ä;;0049 0311
LATIN SMALL LETTER I WITH INVERTED BREVE;;020B;;»ã;;0069 0311
LATIN CAPITAL LETTER I WITH DOT BELOW;;1ECA;;·ªä;;0049 0323
LATIN SMALL LETTER I WITH DOT BELOW;;1ECB;;·ªã;;0069 0323
LATIN CAPITAL LETTER I WITH OGONEK;;012E;;ƒÆ;;0049 0328
LATIN SMALL LETTER I WITH OGONEK;;012F;;ƒØ;;0069 0328
LATIN CAPITAL LETTER I WITH TILDE BELOW;;1E2C;;·∏¨;;0049 0330
LATIN SMALL LETTER I WITH TILDE BELOW;;1E2D;;·∏≠;;0069 0330
MODIFIER LETTER SMALL J;;02B2;; ≤;;02B2
MODIFIER LETTER CAPITAL J;;1D36;;·¥∂;;1D36
DOUBLE-STRUCK ITALIC SMALL J;;2149;;‚Öâ;;2149
CIRCLED LATIN CAPITAL LETTER J;;24BF;;‚íø;;24BF
CIRCLED LATIN SMALL LETTER J;;24D9;;‚ìô;;24D9
LATIN SUBSCRIPT SMALL LETTER J;;2C7C;;‚±º;;2C7C
FULLWIDTH LATIN CAPITAL LETTER J;;FF2A;;Ôº™;;FF2A
FULLWIDTH LATIN SMALL LETTER J;;FF4A;;ÔΩä;;FF4A
MATHEMATICAL BOLD CAPITAL J;;1D409;;ùêâ;;1D409
MATHEMATICAL BOLD SMALL J;;1D423;;ùê£;;1D423
MATHEMATICAL ITALIC CAPITAL J;;1D43D;;ùêΩ;;1D43D
MATHEMATICAL ITALIC SMALL J;;1D457;;ùëó;;1D457
MATHEMATICAL BOLD ITALIC CAPITAL J;;1D471;;ùë±;;1D471
MATHEMATICAL BOLD ITALIC SMALL J;;1D48B;;ùíã;;1D48B
MATHEMATICAL SCRIPT CAPITAL J;;1D4A5;;ùí•;;1D4A5
MATHEMATICAL SCRIPT SMALL J;;1D4BF;;ùíø;;1D4BF
MATHEMATICAL BOLD SCRIPT CAPITAL J;;1D4D9;;ùìô;;1D4D9
MATHEMATICAL BOLD SCRIPT SMALL J;;1D4F3;;ùì≥;;1D4F3
MATHEMATICAL FRAKTUR CAPITAL J;;1D50D;;ùîç;;1D50D
MATHEMATICAL FRAKTUR SMALL J;;1D527;;ùîß;;1D527
MATHEMATICAL DOUBLE-STRUCK CAPITAL J;;1D541;;ùïÅ;;1D541
MATHEMATICAL DOUBLE-STRUCK SMALL J;;1D55B;;ùïõ;;1D55B
MATHEMATICAL BOLD FRAKTUR CAPITAL J;;1D575;;ùïµ;;1D575
MATHEMATICAL BOLD FRAKTUR SMALL J;;1D58F;;ùñè;;1D58F
MATHEMATICAL SANS-SERIF CAPITAL J;;1D5A9;;ùñ©;;1D5A9
MATHEMATICAL SANS-SERIF SMALL J;;1D5C3;;ùóÉ;;1D5C3
MATHEMATICAL SANS-SERIF BOLD CAPITAL J;;1D5DD;;ùóù;;1D5DD
MATHEMATICAL SANS-SERIF BOLD SMALL J;;1D5F7;;ùó∑;;1D5F7
MATHEMATICAL SANS-SERIF ITALIC CAPITAL J;;1D611;;ùòë;;1D611
MATHEMATICAL SANS-SERIF ITALIC SMALL J;;1D62B;;ùò´;;1D62B
MATHEMATICAL SANS-SERIF BOLD ITALIC CAPITAL J;;1D645;;ùôÖ;;1D645
MATHEMATICAL SANS-SERIF BOLD ITALIC SMALL J;;1D65F;;ùôü;;1D65F
MATHEMATICAL MONOSPACE CAPITAL J;;1D679;;ùôπ;;1D679
MATHEMATICAL MONOSPACE SMALL J;;1D693;;ùöì;;1D693
SQUARED LATIN CAPITAL LETTER J;;1F139;;üÑπ;;1F139
LATIN CAPITAL LETTER J WITH CIRCUMFLEX;;0134;;ƒ¥;;004A 0302
LATIN SMALL LETTER J WITH CIRCUMFLEX;;0135;;ƒµ;;006A 0302
LATIN SMALL LETTER J WITH CARON;;01F0;;«∞;;006A 030C
MODIFIER LETTER CAPITAL K;;1D37;;·¥∑;;1D37
MODIFIER LETTER SMALL K;;1D4F;;·µè;;1D4F
LATIN SUBSCRIPT SMALL LETTER K;;2096;;‚Çñ;;2096
KELVIN SIGN;;212A;;K;;004B
CIRCLED LATIN CAPITAL LETTER K;;24C0;;‚ìÄ;;24C0
CIRCLED LATIN SMALL LETTER K;;24DA;;‚ìö;;24DA
FULLWIDTH LATIN CAPITAL LETTER K;;FF2B;;Ôº´;;FF2B
FULLWIDTH LATIN SMALL LETTER K;;FF4B;;ÔΩã;;FF4B
MATHEMATICAL BOLD CAPITAL K;;1D40A;;ùêä;;1D40A
MATHEMATICAL BOLD SMALL K;;1D424;;ùê§;;1D424
MATHEMATICAL ITALIC CAPITAL K;;1D43E;;ùêæ;;1D43E
MATHEMATICAL ITALIC SMALL K;;1D458;;ùëò;;1D458
MATHEMATICAL BOLD ITALIC CAPITAL K;;1D472;;ùë≤;;1D472
MATHEMATICAL BOLD ITALIC SMALL K;;1D48C;;ùíå;;1D48C
MATHEMATICAL SCRIPT CAPITAL K;;1D4A6;;ùí¶;;1D4A6
MATHEMATICAL SCRIPT SMALL K;;1D4C0;;ùìÄ;;1D4C0
MATHEMATICAL BOLD SCRIPT CAPITAL K;;1D4DA;;ùìö;;1D4DA
MATHEMATICAL BOLD SCRIPT SMALL K;;1D4F4;;ùì¥;;1D4F4
MATHEMATICAL FRAKTUR CAPITAL K;;1D50E;;ùîé;;1D50E
MATHEMATICAL FRAKTUR SMALL K;;1D528;;ùî®;;1D528
MATHEMATICAL DOUBLE-STRUCK CAPITAL K;;1D542;;ùïÇ;;1D542
MATHEMATICAL DOUBLE-STRUCK SMALL K;;1D55C;;ùïú;;1D55C
MATHEMATICAL BOLD FRAKTUR CAPITAL K;;1D576;;ùï∂;;1D576
MATHEMATICAL BOLD FRAKTUR SMALL K;;1D590;;ùñê;;1D590
MATHEMATICAL SANS-SERIF CAPITAL K;;1D5AA;;ùñ™;;1D5AA
MATHEMATICAL SANS-SERIF SMALL K;;1D5C4;;ùóÑ;;1D5C4
MATHEMATICAL SANS-SERIF BOLD CAPITAL K;;1D5DE;;ùóû;;1D5DE
MATHEMATICAL SANS-SERIF BOLD SMALL K;;1D5F8;;ùó∏;;1D5F8
MATHEMATICAL SANS-SERIF ITALIC CAPITAL K;;1D612;;ùòí;;1D612
MATHEMATICAL SANS-SERIF ITALIC SMALL K;;1D62C;;ùò¨;;1D62C
MATHEMATICAL SANS-SERIF BOLD ITALIC CAPITAL K;;1D646;;ùôÜ;;1D646
MATHEMATICAL SANS-SERIF BOLD ITALIC SMALL K;;1D660;;ùô†;;1D660
MATHEMATICAL MONOSPACE CAPITAL K;;1D67A;;ùô∫;;1D67A
MATHEMATICAL MONOSPACE SMALL K;;1D694;;ùöî;;1D694
SQUARED LATIN CAPITAL LETTER K;;1F13A;;üÑ∫;;1F13A
SQUARE KA;;3384;;„éÑ;;3384
SQUARE KB;;3385;;„éÖ;;3385
SQUARE KCAL;;3389;;„éâ;;3389
SQUARE KG;;338F;;„éè;;338F
SQUARE KHZ;;3391;;„éë;;3391
SQUARE KK;;33CD;;„èç;;33CD
SQUARE KL;;3398;;„éò;;3398
SQUARE KM;;339E;;„éû;;339E
SQUARE KM CAPITAL;;33CE;;„èé;;33CE
SQUARE KM SQUARED;;33A2;;„é¢;;33A2
SQUARE KM CUBED;;33A6;;„é¶;;33A6
SQUARE KPA;;33AA;;„é™;;33AA
SQUARE KT;;33CF;;„èè;;33CF
SQUARE KV;;33B8;;„é∏;;33B8
SQUARE KW;;33BE;;„éæ;;33BE
LATIN CAPITAL LETTER K WITH ACUTE;;1E30;;·∏∞;;004B 0301
LATIN SMALL LETTER K WITH ACUTE;;1E31;;·∏±;;006B 0301
LATIN CAPITAL LETTER K WITH CARON;;01E8;;«®;;004B 030C
LATIN SMALL LETTER K WITH CARON;;01E9;;«©;;006B 030C
LATIN CAPITAL LETTER K WITH DOT BELOW;;1E32;;·∏≤;;004B 0323
LATIN SMALL LETTER K WITH DOT BELOW;;1E33;;·∏≥;;006B 0323
LATIN CAPITAL LETTER K WITH CEDILLA;;0136;;ƒ∂;;004B 0327
LATIN SMALL LETTER K WITH CEDILLA;;0137;;ƒ∑;;006B 0327
LATIN CAPITAL LETTER K WITH LINE BELOW;;1E34;;·∏¥;;004B 0331
LATIN SMALL LETTER K WITH LINE BELOW;;1E35;;·∏µ;;006B 0331
SQUARE K OHM;;33C0;;„èÄ;;33C0
MODIFIER LETTER SMALL L;;02E1;;À°;;02E1
MODIFIER LETTER CAPITAL L;;1D38;;·¥∏;;1D38
LATIN SUBSCRIPT SMALL LETTER L;;2097;;‚Çó;;2097
SCRIPT CAPITAL L;;2112;;‚Ñí;;2112
SCRIPT SMALL L;;2113;;‚Ñì;;2113
ROMAN NUMERAL FIFTY;;216C;;‚Ö¨;;216C
SMALL ROMAN NUMERAL FIFTY;;217C;;‚Öº;;217C
CIRCLED LATIN CAPITAL LETTER L;;24C1;;‚ìÅ;;24C1
CIRCLED LATIN SMALL LETTER L;;24DB;;‚ìõ;;24DB
FULLWIDTH LATIN CAPITAL LETTER L;;FF2C;;Ôº¨;;FF2C
FULLWIDTH LATIN SMALL LETTER L;;FF4C;;ÔΩå;;FF4C
MATHEMATICAL BOLD CAPITAL L;;1D40B;;ùêã;;1D40B
MATHEMATICAL BOLD SMALL L;;1D425;;ùê•;;1D425
MATHEMATICAL ITALIC CAPITAL L;;1D43F;;ùêø;;1D43F
MATHEMATICAL ITALIC SMALL L;;1D459;;ùëô;;1D459
MATHEMATICAL BOLD ITALIC CAPITAL L;;1D473;;ùë≥;;1D473
MATHEMATICAL BOLD ITALIC SMALL L;;1D48D;;ùíç;;1D48D
MATHEMATICAL SCRIPT SMALL L;;1D4C1;;ùìÅ;;1D4C1
MATHEMATICAL BOLD SCRIPT CAPITAL L;;1D4DB;;ùìõ;;1D4DB
MATHEMATICAL BOLD SCRIPT SMALL L;;1D4F5;;ùìµ;;1D4F5
MATHEMATICAL FRAKTUR CAPITAL L;;1D50F;;ùîè;;1D50F
MATHEMATICAL FRAKTUR SMALL L;;1D529;;ùî©;;1D529
MATHEMATICAL DOUBLE-STRUCK CAPITAL L;;1D543;;ùïÉ;;1D543
MATHEMATICAL DOUBLE-STRUCK SMALL L;;1D55D;;ùïù;;1D55D
MATHEMATICAL BOLD FRAKTUR CAPITAL L;;1D577;;ùï∑;;1D577
MATHEMATICAL BOLD FRAKTUR SMALL L;;1D591;;ùñë;;1D591
MATHEMATICAL SANS-SERIF CAPITAL L;;1D5AB;;ùñ´;;1D5AB
MATHEMATICAL SANS-SERIF SMALL L;;1D5C5;;ùóÖ;;1D5C5
MATHEMATICAL SANS-SERIF BOLD CAPITAL L;;1D5DF;;ùóü;;1D5DF
MATHEMATICAL SANS-SERIF BOLD SMALL L;;1D5F9;;ùóπ;;1D5F9
MATHEMATICAL SANS-SERIF ITALIC CAPITAL L;;1D613;;ùòì;;1D613
MATHEMATICAL SANS-SERIF ITALIC SMALL L;;1D62D;;ùò≠;;1D62D
MATHEMATICAL SANS-SERIF BOLD ITALIC CAPITAL L;;1D647;;ùôá;;1D647
MATHEMATICAL SANS-SERIF BOLD ITALIC SMALL L;;1D661;;ùô°;;1D661
MATHEMATICAL MONOSPACE CAPITAL L;;1D67B;;ùôª;;1D67B
MATHEMATICAL MONOSPACE SMALL L;;1D695;;ùöï;;1D695
SQUARED LATIN CAPITAL LETTER L;;1F13B;;üÑª;;1F13B
LATIN CAPITAL LETTER LJ;;01C7;;«á;;01C7
LATIN CAPITAL LETTER L WITH SMALL LETTER J;;01C8;;«à;;01C8
LATIN SMALL LETTER LJ;;01C9;;«â;;01C9
SQUARE LM;;33D0;;„èê;;33D0
SQUARE LN;;33D1;;„èë;;33D1
SQUARE LOG;;33D2;;„èí;;33D2
LIMITED LIABILITY SIGN;;32CF;;„ãè;;32CF
SQUARE LX;;33D3;;„èì;;33D3
LATIN CAPITAL LETTER L WITH MIDDLE DOT;;013F;;ƒø;;013F
LATIN SMALL LETTER L WITH MIDDLE DOT;;0140;;≈Ä;;0140
LATIN CAPITAL LETTER L WITH ACUTE;;0139;;ƒπ;;004C 0301
LATIN SMALL LETTER L WITH ACUTE;;013A;;ƒ∫;;006C 0301
LATIN CAPITAL LETTER L WITH CARON;;013D;;ƒΩ;;004C 030C
LATIN SMALL LETTER L WITH CARON;;013E;;ƒæ;;006C 030C
LATIN CAPITAL LETTER L WITH DOT BELOW;;1E36;;·∏∂;;004C 0323
LATIN SMALL LETTER L WITH DOT BELOW;;1E37;;·∏∑;;006C 0323
LATIN CAPITAL LETTER L WITH DOT BELOW AND MACRON;;1E38;;·∏∏;;004C 0323 0304
LATIN SMALL LETTER L WITH DOT BELOW AND MACRON;;1E39;;·∏π;;006C 0323 0304
LATIN CAPITAL LETTER L WITH CEDILLA;;013B;;ƒª;;004C 0327
LATIN SMALL LETTER L WITH CEDILLA;;013C;;ƒº;;006C 0327
LATIN CAPITAL LETTER L WITH CIRCUMFLEX BELOW;;1E3C;;·∏º;;004C 032D
LATIN SMALL LETTER L WITH CIRCUMFLEX BELOW;;1E3D;;·∏Ω;;006C 032D
LATIN CAPITAL LETTER L WITH LINE BELOW;;1E3A;;·∏∫;;004C 0331
LATIN SMALL LETTER L WITH LINE BELOW;;1E3B;;·∏ª;;006C 0331
MODIFIER LETTER CAPITAL M;;1D39;;·¥π;;1D39
MODIFIER LETTER SMALL M;;1D50;;·µê;;1D50
LATIN SUBSCRIPT SMALL LETTER M;;2098;;‚Çò;;2098
SCRIPT CAPITAL M;;2133;;‚Ñ≥;;2133
ROMAN NUMERAL ONE THOUSAND;;216F;;‚ÖØ;;216F
SMALL ROMAN NUMERAL ONE THOUSAND;;217F;;‚Öø;;217F
CIRCLED LATIN CAPITAL LETTER M;;24C2;;‚ìÇ;;24C2
CIRCLED LATIN SMALL LETTER M;;24DC;;‚ìú;;24DC
FULLWIDTH LATIN CAPITAL LETTER M;;FF2D;;Ôº≠;;FF2D
FULLWIDTH LATIN SMALL LETTER M;;FF4D;;ÔΩç;;FF4D
MATHEMATICAL BOLD CAPITAL M;;1D40C;;ùêå;;1D40C
MATHEMATICAL BOLD SMALL M;;1D426;;ùê¶;;1D426
MATHEMATICAL ITALIC CAPITAL M;;1D440;;ùëÄ;;1D440
MATHEMATICAL ITALIC SMALL M;;1D45A;;ùëö;;1D45A
MATHEMATICAL BOLD ITALIC CAPITAL M;;1D474;;ùë¥;;1D474
MATHEMATICAL BOLD ITALIC SMALL M;;1D48E;;ùíé;;1D48E
MATHEMATICAL SCRIPT SMALL M;;1D4C2;;ùìÇ;;1D4C2
MATHEMATICAL BOLD SCRIPT CAPITAL M;;1D4DC;;ùìú;;1D4DC
MATHEMATICAL BOLD SCRIPT SMALL M;;1D4F6;;ùì∂;;1D4F6
MATHEMATICAL FRAKTUR CAPITAL M;;1D510;;ùîê;;1D510
MATHEMATICAL FRAKTUR SMALL M;;1D52A;;ùî™;;1D52A
MATHEMATICAL DOUBLE-STRUCK CAPITAL M;;1D544;;ùïÑ;;1D544
MATHEMATICAL DOUBLE-STRUCK SMALL M;;1D55E;;ùïû;;1D55E
MATHEMATICAL BOLD FRAKTUR CAPITAL M;;1D578;;ùï∏;;1D578
MATHEMATICAL BOLD FRAKTUR SMALL M;;1D592;;ùñí;;1D592
MATHEMATICAL SANS-SERIF CAPITAL M;;1D5AC;;ùñ¨;;1D5AC
MATHEMATICAL SANS-SERIF SMALL M;;1D5C6;;ùóÜ;;1D5C6
MATHEMATICAL SANS-SERIF BOLD CAPITAL M;;1D5E0;;ùó†;;1D5E0
MATHEMATICAL SANS-SERIF BOLD SMALL M;;1D5FA;;ùó∫;;1D5FA
MATHEMATICAL SANS-SERIF ITALIC CAPITAL M;;1D614;;ùòî;;1D614
MATHEMATICAL SANS-SERIF ITALIC SMALL M;;1D62E;;ùòÆ;;1D62E
MATHEMATICAL SANS-SERIF BOLD ITALIC CAPITAL M;;1D648;;ùôà;;1D648
MATHEMATICAL SANS-SERIF BOLD ITALIC SMALL M;;1D662;;ùô¢;;1D662
MATHEMATICAL MONOSPACE CAPITAL M;;1D67C;;ùôº;;1D67C
MATHEMATICAL MONOSPACE SMALL M;;1D696;;ùöñ;;1D696
SQUARED LATIN CAPITAL LETTER M;;1F13C;;üÑº;;1F13C
SQUARE M SQUARED;;33A1;;„é°;;33A1
SQUARE M CUBED;;33A5;;„é•;;33A5
SQUARE MA;;3383;;„éÉ;;3383
SQUARE MB;;3386;;„éÜ;;3386
SQUARE MB SMALL;;33D4;;„èî;;33D4
RAISED MC SIGN;;1F16A;;üÖ™;;1F16A
RAISED MD SIGN;;1F16B;;üÖ´;;1F16B
SQUARE MG;;338E;;„éé;;338E
SQUARE MHZ;;3392;;„éí;;3392
SQUARE MIL;;33D5;;„èï;;33D5
SQUARE ML;;3396;;„éñ;;3396
SQUARE MM;;339C;;„éú;;339C
SQUARE MM SQUARED;;339F;;„éü;;339F
SQUARE MM CUBED;;33A3;;„é£;;33A3
SQUARE MOL;;33D6;;„èñ;;33D6
SQUARE MPA;;33AB;;„é´;;33AB
SQUARE MS;;33B3;;„é≥;;33B3
SQUARE MV;;33B7;;„é∑;;33B7
SQUARE MV MEGA;;33B9;;„éπ;;33B9
SQUARED MV;;1F14B;;üÖã;;1F14B
SQUARE MW;;33BD;;„éΩ;;33BD
SQUARE MW MEGA;;33BF;;„éø;;33BF
LATIN CAPITAL LETTER M WITH ACUTE;;1E3E;;·∏æ;;004D 0301
LATIN SMALL LETTER M WITH ACUTE;;1E3F;;·∏ø;;006D 0301
LATIN CAPITAL LETTER M WITH DOT ABOVE;;1E40;;·πÄ;;004D 0307
LATIN SMALL LETTER M WITH DOT ABOVE;;1E41;;·πÅ;;006D 0307
LATIN CAPITAL LETTER M WITH DOT BELOW;;1E42;;·πÇ;;004D 0323
LATIN SMALL LETTER M WITH DOT BELOW;;1E43;;·πÉ;;006D 0323
SQUARE M OHM;;33C1;;„èÅ;;33C1
SQUARE M OVER S;;33A7;;„éß;;33A7
SQUARE M OVER S SQUARED;;33A8;;„é®;;33A8
MODIFIER LETTER CAPITAL N;;1D3A;;·¥∫;;1D3A
SUPERSCRIPT LATIN SMALL LETTER N;;207F;;‚Åø;;207F
LATIN SUBSCRIPT SMALL LETTER N;;2099;;‚Çô;;2099
DOUBLE-STRUCK CAPITAL N;;2115;;‚Ñï;;2115
CIRCLED LATIN CAPITAL LETTER N;;24C3;;‚ìÉ;;24C3
CIRCLED LATIN SMALL LETTER N;;24DD;;‚ìù;;24DD
FULLWIDTH LATIN CAPITAL LETTER N;;FF2E;;ÔºÆ;;FF2E
FULLWIDTH LATIN SMALL LETTER N;;FF4E;;ÔΩé;;FF4E
MATHEMATICAL BOLD CAPITAL N;;1D40D;;ùêç;;1D40D
MATHEMATICAL BOLD SMALL N;;1D427;;ùêß;;1D427
MATHEMATICAL ITALIC CAPITAL N;;1D441;;ùëÅ;;1D441
MATHEMATICAL ITALIC SMALL N;;1D45B;;ùëõ;;1D45B
MATHEMATICAL BOLD ITALIC CAPITAL N;;1D475;;ùëµ;;1D475
MATHEMATICAL BOLD ITALIC SMALL N;;1D48F;;ùíè;;1D48F
MATHEMATICAL SCRIPT CAPITAL N;;1D4A9;;ùí©;;1D4A9
MATHEMATICAL SCRIPT SMALL N;;1D4C3;;ùìÉ;;1D4C3
MATHEMATICAL BOLD SCRIPT CAPITAL N;;1D4DD;;ùìù;;1D4DD
MATHEMATICAL BOLD SCRIPT SMALL N;;1D4F7;;ùì∑;;1D4F7
MATHEMATICAL FRAKTUR CAPITAL N;;1D511;;ùîë;;1D511
MATHEMATICAL FRAKTUR SMALL N;;1D52B;;ùî´;;1D52B
MATHEMATICAL DOUBLE-STRUCK SMALL N;;1D55F;;ùïü;;1D55F
MATHEMATICAL BOLD FRAKTUR CAPITAL N;;1D579;;ùïπ;;1D579
MATHEMATICAL BOLD FRAKTUR SMALL N;;1D593;;ùñì;;1D593
MATHEMATICAL SANS-SERIF CAPITAL N;;1D5AD;;ùñ≠;;1D5AD
MATHEMATICAL SANS-SERIF SMALL N;;1D5C7;;ùóá;;1D5C7
MATHEMATICAL SANS-SERIF BOLD CAPITAL N;;1D5E1;;ùó°;;1D5E1
MATHEMATICAL SANS-SERIF BOLD SMALL N;;1D5FB;;ùóª;;1D5FB
MATHEMATICAL SANS-SERIF ITALIC CAPITAL N;;1D615;;ùòï;;1D615
MATHEMATICAL SANS-SERIF ITALIC SMALL N;;1D62F;;ùòØ;;1D62F
MATHEMATICAL SANS-SERIF BOLD ITALIC CAPITAL N;;1D649;;ùôâ;;1D649
MATHEMATICAL SANS-SERIF BOLD ITALIC SMALL N;;1D663;;ùô£;;1D663
MATHEMATICAL MONOSPACE CAPITAL N;;1D67D;;ùôΩ;;1D67D
MATHEMATICAL MONOSPACE SMALL N;;1D697;;ùöó;;1D697
SQUARED LATIN CAPITAL LETTER N;;1F13D;;üÑΩ;;1F13D
SQUARE NA;;3381;;„éÅ;;3381
SQUARE NF;;338B;;„éã;;338B
LATIN CAPITAL LETTER NJ;;01CA;;«ä;;01CA
LATIN CAPITAL LETTER N WITH SMALL LETTER J;;01CB;;«ã;;01CB
LATIN SMALL LETTER NJ;;01CC;;«å;;01CC
SQUARE NM;;339A;;„éö;;339A
NUMERO SIGN;;2116;;‚Ññ;;2116
SQUARE NS;;33B1;;„é±;;33B1
SQUARE NV;;33B5;;„éµ;;33B5
SQUARE NW;;33BB;;„éª;;33BB
LATIN CAPITAL LETTER N WITH GRAVE;;01F8;;«∏;;004E 0300
LATIN SMALL LETTER N WITH GRAVE;;01F9;;«π;;006E 0300
LATIN CAPITAL LETTER N WITH ACUTE;;0143;;≈É;;004E 0301
LATIN SMALL LETTER N WITH ACUTE;;0144;;≈Ñ;;006E 0301
LATIN CAPITAL LETTER N WITH TILDE;;00D1;;√ë;;004E 0303
LATIN SMALL LETTER N WITH TILDE;;00F1;;√±;;006E 0303
LATIN CAPITAL LETTER N WITH DOT ABOVE;;1E44;;·πÑ;;004E 0307
LATIN SMALL LETTER N WITH DOT ABOVE;;1E45;;·πÖ;;006E 0307
LATIN CAPITAL LETTER N WITH CARON;;0147;;≈á;;004E 030C
LATIN SMALL LETTER N WITH CARON;;0148;;≈à;;006E 030C
LATIN CAPITAL LETTER N WITH DOT BELOW;;1E46;;·πÜ;;004E 0323
LATIN SMALL LETTER N WITH DOT BELOW;;1E47;;·πá;;006E 0323
LATIN CAPITAL LETTER N WITH CEDILLA;;0145;;≈Ö;;004E 0327
LATIN SMALL LETTER N WITH CEDILLA;;0146;;≈Ü;;006E 0327
LATIN CAPITAL LETTER N WITH CIRCUMFLEX BELOW;;1E4A;;·πä;;004E 032D
LATIN SMALL LETTER N WITH CIRCUMFLEX BELOW;;1E4B;;·πã;;006E 032D
LATIN CAPITAL LETTER N WITH LINE BELOW;;1E48;;·πà;;004E 0331
LATIN SMALL LETTER N WITH LINE BELOW;;1E49;;·πâ;;006E 0331
MASCULINE ORDINAL INDICATOR;;00BA;;¬∫;;00BA
MODIFIER LETTER CAPITAL O;;1D3C;;·¥º;;1D3C
MODIFIER LETTER SMALL O;;1D52;;·µí;;1D52
LATIN SUBSCRIPT SMALL LETTER O;;2092;;‚Çí;;2092
SCRIPT SMALL O;;2134;;‚Ñ¥;;2134
CIRCLED LATIN CAPITAL LETTER O;;24C4;;‚ìÑ;;24C4
CIRCLED LATIN SMALL LETTER O;;24DE;;‚ìû;;24DE
FULLWIDTH LATIN CAPITAL LETTER O;;FF2F;;ÔºØ;;FF2F
FULLWIDTH LATIN SMALL LETTER O;;FF4F;;ÔΩè;;FF4F
MATHEMATICAL BOLD CAPITAL O;;1D40E;;ùêé;;1D40E
MATHEMATICAL BOLD SMALL O;;1D428;;ùê®;;1D428
MATHEMATICAL ITALIC CAPITAL O;;1D442;;ùëÇ;;1D442
MATHEMATICAL ITALIC SMALL O;;1D45C;;ùëú;;1D45C
MATHEMATICAL BOLD ITALIC CAPITAL O;;1D476;;ùë∂;;1D476
MATHEMATICAL BOLD ITALIC SMALL O;;1D490;;ùíê;;1D490
MATHEMATICAL SCRIPT CAPITAL O;;1D4AA;;ùí™;;1D4AA
MATHEMATICAL BOLD SCRIPT CAPITAL O;;1D4DE;;ùìû;;1D4DE
MATHEMATICAL BOLD SCRIPT SMALL O;;1D4F8;;ùì∏;;1D4F8
MATHEMATICAL FRAKTUR CAPITAL O;;1D512;;ùîí;;1D512
MATHEMATICAL FRAKTUR SMALL O;;1D52C;;ùî¨;;1D52C
MATHEMATICAL DOUBLE-STRUCK CAPITAL O;;1D546;;ùïÜ;;1D546
MATHEMATICAL DOUBLE-STRUCK SMALL O;;1D560;;ùï†;;1D560
MATHEMATICAL BOLD FRAKTUR CAPITAL O;;1D57A;;ùï∫;;1D57A
MATHEMATICAL BOLD FRAKTUR SMALL O;;1D594;;ùñî;;1D594
MATHEMATICAL SANS-SERIF CAPITAL O;;1D5AE;;ùñÆ;;1D5AE
MATHEMATICAL SANS-SERIF SMALL O;;1D5C8;;ùóà;;1D5C8
MATHEMATICAL SANS-SERIF BOLD CAPITAL O;;1D5E2;;ùó¢;;1D5E2
MATHEMATICAL SANS-SERIF BOLD SMALL O;;1D5FC;;ùóº;;1D5FC
MATHEMATICAL SANS-SERIF ITALIC CAPITAL O;;1D616;;ùòñ;;1D616
MATHEMATICAL SANS-SERIF ITALIC SMALL O;;1D630;;ùò∞;;1D630
MATHEMATICAL SANS-SERIF BOLD ITALIC CAPITAL O;;1D64A;;ùôä;;1D64A
MATHEMATICAL SANS-SERIF BOLD ITALIC SMALL O;;1D664;;ùô§;;1D664
MATHEMATICAL MONOSPACE CAPITAL O;;1D67E;;ùôæ;;1D67E
MATHEMATICAL MONOSPACE SMALL O;;1D698;;ùöò;;1D698
SQUARED LATIN CAPITAL LETTER O;;1F13E;;üÑæ;;1F13E
SQUARE OV;;3375;;„çµ;;3375
LATIN CAPITAL LETTER O WITH GRAVE;;00D2;;√í;;004F 0300
LATIN SMALL LETTER O WITH GRAVE;;00F2;;√≤;;006F 0300
LATIN CAPITAL LETTER O WITH ACUTE;;00D3;;√ì;;004F 0301
LATIN SMALL LETTER O WITH ACUTE;;00F3;;√≥;;006F 0301
LATIN CAPITAL LETTER O WITH CIRCUMFLEX;;00D4;;√î;;004F 0302
LATIN SMALL LETTER O WITH CIRCUMFLEX;;00F4;;√¥;;006F 0302
LATIN CAPITAL LETTER O WITH CIRCUMFLEX AND GRAVE;;1ED2;;·ªí;;004F 0302 0300
LATIN SMALL LETTER O WITH CIRCUMFLEX AND GRAVE;;1ED3;;·ªì;;006F 0302 0300
LATIN CAPITAL LETTER O WITH CIRCUMFLEX AND ACUTE;;1ED0;;·ªê;;004F 0302 0301
LATIN SMALL LETTER O WITH CIRCUMFLEX AND ACUTE;;1ED1;;·ªë;;006F 0302 0301
LATIN CAPITAL LETTER O WITH CIRCUMFLEX AND TILDE;;1ED6;;·ªñ;;004F 0302 0303
LATIN SMALL LETTER O WITH CIRCUMFLEX AND TILDE;;1ED7;;·ªó;;006F 0302 0303
LATIN CAPITAL LETTER O WITH CIRCUMFLEX AND HOOK ABOVE;;1ED4;;·ªî;;004F 0302 0309
LATIN SMALL LETTER O WITH CIRCUMFLEX AND HOOK ABOVE;;1ED5;;·ªï;;006F 0302 0309
LATIN CAPITAL LETTER O WITH TILDE;;00D5;;√ï;;004F 0303
LATIN SMALL LETTER O WITH TILDE;;00F5;;√µ;;006F 0303
LATIN CAPITAL LETTER O WITH TILDE AND ACUTE;;1E4C;;·πå;;004F 0303 0301
LATIN SMALL LETTER O WITH TILDE AND ACUTE;;1E4D;;·πç;;006F 0303 0301
LATIN CAPITAL LETTER O WITH TILDE AND MACRON;;022C;;»¨;;004F 0303 0304
LATIN SMALL LETTER O WITH TILDE AND MACRON;;022D;;»≠;;006F 0303 0304
LATIN CAPITAL LETTER O WITH TILDE AND DIAERESIS;;1E4E;;·πé;;004F 0303 0308
LATIN SMALL LETTER O WITH TILDE AND DIAERESIS;;1E4F;;·πè;;006F 0303 0308
LATIN CAPITAL LETTER O WITH MACRON;;014C;;≈å;;004F 0304
LATIN SMALL LETTER O WITH MACRON;;014D;;≈ç;;006F 0304
LATIN CAPITAL LETTER O WITH MACRON AND GRAVE;;1E50;;·πê;;004F 0304 0300
LATIN SMALL LETTER O WITH MACRON AND GRAVE;;1E51;;·πë;;006F 0304 0300
LATIN CAPITAL LETTER O WITH MACRON AND ACUTE;;1E52;;·πí;;004F 0304 0301
LATIN SMALL LETTER O WITH MACRON AND ACUTE;;1E53;;·πì;;006F 0304 0301
LATIN CAPITAL LETTER O WITH BREVE;;014E;;≈é;;004F 0306
LATIN SMALL LETTER O WITH BREVE;;014F;;≈è;;006F 0306
LATIN CAPITAL LETTER O WITH DOT ABOVE;;022E;;»Æ;;004F 0307
LATIN SMALL LETTER O WITH DOT ABOVE;;022F;;»Ø;;006F 0307
LATIN CAPITAL LETTER O WITH DOT ABOVE AND MACRON;;0230;;»∞;;004F 0307 0304
LATIN SMALL LETTER O WITH DOT ABOVE AND MACRON;;0231;;»±;;006F 0307 0304
LATIN CAPITAL LETTER O WITH DIAERESIS;;00D6;;√ñ;;004F 0308
LATIN SMALL LETTER O WITH DIAERESIS;;00F6;;√∂;;006F 0308
LATIN CAPITAL LETTER O WITH DIAERESIS AND MACRON;;022A;;»™;;004F 0308 0304
LATIN SMALL LETTER O WITH DIAERESIS AND MACRON;;022B;;»´;;006F 0308 0304
LATIN CAPITAL LETTER O WITH HOOK ABOVE;;1ECE;;·ªé;;004F 0309
LATIN SMALL LETTER O WITH HOOK ABOVE;;1ECF;;·ªè;;006F 0309
LATIN CAPITAL LETTER O WITH DOUBLE ACUTE;;0150;;≈ê;;004F 030B
LATIN SMALL LETTER O WITH DOUBLE ACUTE;;0151;;≈ë;;006F 030B
LATIN CAPITAL LETTER O WITH CARON;;01D1;;«ë;;004F 030C
LATIN SMALL LETTER O WITH CARON;;01D2;;«í;;006F 030C
LATIN CAPITAL LETTER O WITH DOUBLE GRAVE;;020C;;»å;;004F 030F
LATIN SMALL LETTER O WITH DOUBLE GRAVE;;020D;;»ç;;006F 030F
LATIN CAPITAL LETTER O WITH INVERTED BREVE;;020E;;»é;;004F 0311
LATIN SMALL LETTER O WITH INVERTED BREVE;;020F;;»è;;006F 0311
LATIN CAPITAL LETTER O WITH HORN;;01A0;;∆†;;004F 031B
LATIN SMALL LETTER O WITH HORN;;01A1;;∆°;;006F 031B
LATIN CAPITAL LETTER O WITH HORN AND GRAVE;;1EDC;;·ªú;;004F 031B 0300
LATIN SMALL LETTER O WITH HORN AND GRAVE;;1EDD;;·ªù;;006F 031B 0300
LATIN CAPITAL LETTER O WITH HORN AND ACUTE;;1EDA;;·ªö;;004F 031B 0301
LATIN SMALL LETTER O WITH HORN AND ACUTE;;1EDB;;·ªõ;;006F 031B 0301
LATIN CAPITAL LETTER O WITH HORN AND TILDE;;1EE0;;·ª†;;004F 031B 0303
LATIN SMALL LETTER O WITH HORN AND TILDE;;1EE1;;·ª°;;006F 031B 0303
LATIN CAPITAL LETTER O WITH HORN AND HOOK ABOVE;;1EDE;;·ªû;;004F 031B 0309
LATIN SMALL LETTER O WITH HORN AND HOOK ABOVE;;1EDF;;·ªü;;006F 031B 0309
LATIN CAPITAL LETTER O WITH HORN AND DOT BELOW;;1EE2;;·ª¢;;004F 031B 0323
LATIN SMALL LETTER O WITH HORN AND DOT BELOW;;1EE3;;·ª£;;006F 031B 0323
LATIN CAPITAL LETTER O WITH DOT BELOW;;1ECC;;·ªå;;004F 0323
LATIN SMALL LETTER O WITH DOT BELOW;;1ECD;;·ªç;;006F 0323
LATIN CAPITAL LETTER O WITH CIRCUMFLEX AND DOT BELOW;;1ED8;;·ªò;;004F 0323 0302
LATIN SMALL LETTER O WITH CIRCUMFLEX AND DOT BELOW;;1ED9;;·ªô;;006F 0323 0302
LATIN CAPITAL LETTER O WITH OGONEK;;01EA;;«™;;004F 0328
LATIN SMALL LETTER O WITH OGONEK;;01EB;;«´;;006F 0328
LATIN CAPITAL LETTER O WITH OGONEK AND MACRON;;01EC;;«¨;;004F 0328 0304
LATIN SMALL LETTER O WITH OGONEK AND MACRON;;01ED;;«≠;;006F 0328 0304
MODIFIER LETTER CAPITAL P;;1D3E;;·¥æ;;1D3E
MODIFIER LETTER SMALL P;;1D56;;·µñ;;1D56
LATIN SUBSCRIPT SMALL LETTER P;;209A;;‚Çö;;209A
DOUBLE-STRUCK CAPITAL P;;2119;;‚Ñô;;2119
CIRCLED LATIN CAPITAL LETTER P;;24C5;;‚ìÖ;;24C5
CIRCLED LATIN SMALL LETTER P;;24DF;;‚ìü;;24DF
FULLWIDTH LATIN CAPITAL LETTER P;;FF30;;Ôº∞;;FF30
FULLWIDTH LATIN SMALL LETTER P;;FF50;;ÔΩê;;FF50
MATHEMATICAL BOLD CAPITAL P;;1D40F;;ùêè;;1D40F
MATHEMATICAL BOLD SMALL P;;1D429;;ùê©;;1D429
MATHEMATICAL ITALIC CAPITAL P;;1D443;;ùëÉ;;1D443
MATHEMATICAL ITALIC SMALL P;;1D45D;;ùëù;;1D45D
MATHEMATICAL BOLD ITALIC CAPITAL P;;1D477;;ùë∑;;1D477
MATHEMATICAL BOLD ITALIC SMALL P;;1D491;;ùíë;;1D491
MATHEMATICAL SCRIPT CAPITAL P;;1D4AB;;ùí´;;1D4AB
MATHEMATICAL SCRIPT SMALL P;;1D4C5;;ùìÖ;;1D4C5
MATHEMATICAL BOLD SCRIPT CAPITAL P;;1D4DF;;ùìü;;1D4DF
MATHEMATICAL BOLD SCRIPT SMALL P;;1D4F9;;ùìπ;;1D4F9
MATHEMATICAL FRAKTUR CAPITAL P;;1D513;;ùîì;;1D513
MATHEMATICAL FRAKTUR SMALL P;;1D52D;;ùî≠;;1D52D
MATHEMATICAL DOUBLE-STRUCK SMALL P;;1D561;;ùï°;;1D561
MATHEMATICAL BOLD FRAKTUR CAPITAL P;;1D57B;;ùïª;;1D57B
MATHEMATICAL BOLD FRAKTUR SMALL P;;1D595;;ùñï;;1D595
MATHEMATICAL SANS-SERIF CAPITAL P;;1D5AF;;ùñØ;;1D5AF
MATHEMATICAL SANS-SERIF SMALL P;;1D5C9;;ùóâ;;1D5C9
MATHEMATICAL SANS-SERIF BOLD CAPITAL P;;1D5E3;;ùó£;;1D5E3
MATHEMATICAL SANS-SERIF BOLD SMALL P;;1D5FD;;ùóΩ;;1D5FD
MATHEMATICAL SANS-SERIF ITALIC CAPITAL P;;1D617;;ùòó;;1D617
MATHEMATICAL SANS-SERIF ITALIC SMALL P;;1D631;;ùò±;;1D631
MATHEMATICAL SANS-SERIF BOLD ITALIC CAPITAL P;;1D64B;;ùôã;;1D64B
MATHEMATICAL SANS-SERIF BOLD ITALIC SMALL P;;1D665;;ùô•;;1D665
MATHEMATICAL MONOSPACE CAPITAL P;;1D67F;;ùôø;;1D67F
MATHEMATICAL MONOSPACE SMALL P;;1D699;;ùöô;;1D699
SQUARED LATIN CAPITAL LETTER P;;1F13F;;üÑø;;1F13F
SQUARE PM;;33D8;;„èò;;33D8
SQUARE PA AMPS;;3380;;„éÄ;;3380
SQUARE PA;;33A9;;„é©;;33A9
SQUARE PC;;3376;;„ç∂;;3376
SQUARE PF;;338A;;„éä;;338A
SQUARE PH;;33D7;;„èó;;33D7
SQUARE PPM;;33D9;;„èô;;33D9
SQUARED PPV;;1F14E;;üÖé;;1F14E
SQUARE PR;;33DA;;„èö;;33DA
SQUARE PS;;33B0;;„é∞;;33B0
PARTNERSHIP SIGN;;3250;;„âê;;3250
SQUARE PV;;33B4;;„é¥;;33B4
SQUARE PW;;33BA;;„é∫;;33BA
LATIN CAPITAL LETTER P WITH ACUTE;;1E54;;·πî;;0050 0301
LATIN SMALL LETTER P WITH ACUTE;;1E55;;·πï;;0070 0301
LATIN CAPITAL LETTER P WITH DOT ABOVE;;1E56;;·πñ;;0050 0307
LATIN SMALL LETTER P WITH DOT ABOVE;;1E57;;·πó;;0070 0307
DOUBLE-STRUCK CAPITAL Q;;211A;;‚Ñö;;211A
CIRCLED LATIN CAPITAL LETTER Q;;24C6;;‚ìÜ;;24C6
CIRCLED LATIN SMALL LETTER Q;;24E0;;‚ì†;;24E0
FULLWIDTH LATIN CAPITAL LETTER Q;;FF31;;Ôº±;;FF31
FULLWIDTH LATIN SMALL LETTER Q;;FF51;;ÔΩë;;FF51
MATHEMATICAL BOLD CAPITAL Q;;1D410;;ùêê;;1D410
MATHEMATICAL BOLD SMALL Q;;1D42A;;ùê™;;1D42A
MATHEMATICAL ITALIC CAPITAL Q;;1D444;;ùëÑ;;1D444
MATHEMATICAL ITALIC SMALL Q;;1D45E;;ùëû;;1D45E
MATHEMATICAL BOLD ITALIC CAPITAL Q;;1D478;;ùë∏;;1D478
MATHEMATICAL BOLD ITALIC SMALL Q;;1D492;;ùíí;;1D492
MATHEMATICAL SCRIPT CAPITAL Q;;1D4AC;;ùí¨;;1D4AC
MATHEMATICAL SCRIPT SMALL Q;;1D4C6;;ùìÜ;;1D4C6
MATHEMATICAL BOLD SCRIPT CAPITAL Q;;1D4E0;;ùì†;;1D4E0
MATHEMATICAL BOLD SCRIPT SMALL Q;;1D4FA;;ùì∫;;1D4FA
MATHEMATICAL FRAKTUR CAPITAL Q;;1D514;;ùîî;;1D514
MATHEMATICAL FRAKTUR SMALL Q;;1D52E;;ùîÆ;;1D52E
MATHEMATICAL DOUBLE-STRUCK SMALL Q;;1D562;;ùï¢;;1D562
MATHEMATICAL BOLD FRAKTUR CAPITAL Q;;1D57C;;ùïº;;1D57C
MATHEMATICAL BOLD FRAKTUR SMALL Q;;1D596;;ùññ;;1D596
MATHEMATICAL SANS-SERIF CAPITAL Q;;1D5B0;;ùñ∞;;1D5B0
MATHEMATICAL SANS-SERIF SMALL Q;;1D5CA;;ùóä;;1D5CA
MATHEMATICAL SANS-SERIF BOLD CAPITAL Q;;1D5E4;;ùó§;;1D5E4
MATHEMATICAL SANS-SERIF BOLD SMALL Q;;1D5FE;;ùóæ;;1D5FE
MATHEMATICAL SANS-SERIF ITALIC CAPITAL Q;;1D618;;ùòò;;1D618
MATHEMATICAL SANS-SERIF ITALIC SMALL Q;;1D632;;ùò≤;;1D632
MATHEMATICAL SANS-SERIF BOLD ITALIC CAPITAL Q;;1D64C;;ùôå;;1D64C
MATHEMATICAL SANS-SERIF BOLD ITALIC SMALL Q;;1D666;;ùô¶;;1D666
MATHEMATICAL MONOSPACE CAPITAL Q;;1D680;;ùöÄ;;1D680
MATHEMATICAL MONOSPACE SMALL Q;;1D69A;;ùöö;;1D69A
SQUARED LATIN CAPITAL LETTER Q;;1F140;;üÖÄ;;1F140
MODIFIER LETTER SMALL R;;02B3;; ≥;;02B3
MODIFIER LETTER CAPITAL R;;1D3F;;·¥ø;;1D3F
LATIN SUBSCRIPT SMALL LETTER R;;1D63;;·µ£;;1D63
SCRIPT CAPITAL R;;211B;;‚Ñõ;;211B
BLACK-LETTER CAPITAL R;;211C;;‚Ñú;;211C
DOUBLE-STRUCK CAPITAL R;;211D;;‚Ñù;;211D
CIRCLED LATIN CAPITAL LETTER R;;24C7;;‚ìá;;24C7
CIRCLED LATIN SMALL LETTER R;;24E1;;‚ì°;;24E1
FULLWIDTH LATIN CAPITAL LETTER R;;FF32;;Ôº≤;;FF32
FULLWIDTH LATIN SMALL LETTER R;;FF52;;ÔΩí;;FF52
MATHEMATICAL BOLD CAPITAL R;;1D411;;ùêë;;1D411
MATHEMATICAL BOLD SMALL R;;1D42B;;ùê´;;1D42B
MATHEMATICAL ITALIC CAPITAL R;;1D445;;ùëÖ;;1D445
MATHEMATICAL ITALIC SMALL R;;1D45F;;ùëü;;1D45F
MATHEMATICAL BOLD ITALIC CAPITAL R;;1D479;;ùëπ;;1D479
MATHEMATICAL BOLD ITALIC SMALL R;;1D493;;ùíì;;1D493
MATHEMATICAL SCRIPT SMALL R;;1D4C7;;ùìá;;1D4C7
MATHEMATICAL BOLD SCRIPT CAPITAL R;;1D4E1;;ùì°;;1D4E1
MATHEMATICAL BOLD SCRIPT SMALL R;;1D4FB;;ùìª;;1D4FB
MATHEMATICAL FRAKTUR SMALL R;;1D52F;;ùîØ;;1D52F
MATHEMATICAL DOUBLE-STRUCK SMALL R;;1D563;;ùï£;;1D563
MATHEMATICAL BOLD FRAKTUR CAPITAL R;;1D57D;;ùïΩ;;1D57D
MATHEMATICAL BOLD FRAKTUR SMALL R;;1D597;;ùñó;;1D597
MATHEMATICAL SANS-SERIF CAPITAL R;;1D5B1;;ùñ±;;1D5B1
MATHEMATICAL SANS-SERIF SMALL R;;1D5CB;;ùóã;;1D5CB
MATHEMATICAL SANS-SERIF BOLD CAPITAL R;;1D5E5;;ùó•;;1D5E5
MATHEMATICAL SANS-SERIF BOLD SMALL R;;1D5FF;;ùóø;;1D5FF
MATHEMATICAL SANS-SERIF ITALIC CAPITAL R;;1D619;;ùòô;;1D619
MATHEMATICAL SANS-SERIF ITALIC SMALL R;;1D633;;ùò≥;;1D633
MATHEMATICAL SANS-SERIF BOLD ITALIC CAPITAL R;;1D64D;;ùôç;;1D64D
MATHEMATICAL SANS-SERIF BOLD ITALIC SMALL R;;1D667;;ùôß;;1D667
MATHEMATICAL MONOSPACE CAPITAL R;;1D681;;ùöÅ;;1D681
MATHEMATICAL MONOSPACE SMALL R;;1D69B;;ùöõ;;1D69B
CIRCLED ITALIC LATIN CAPITAL LETTER R;;1F12C;;üÑ¨;;1F12C
SQUARED LATIN CAPITAL LETTER R;;1F141;;üÖÅ;;1F141
SQUARE RAD;;33AD;;„é≠;;33AD
SQUARE RAD OVER S;;33AE;;„éÆ;;33AE
SQUARE RAD OVER S SQUARED;;33AF;;„éØ;;33AF
RUPEE SIGN;;20A8;;‚Ç®;;20A8
LATIN CAPITAL LETTER R WITH ACUTE;;0154;;≈î;;0052 0301
LATIN SMALL LETTER R WITH ACUTE;;0155;;≈ï;;0072 0301
LATIN CAPITAL LETTER R WITH DOT ABOVE;;1E58;;·πò;;0052 0307
LATIN SMALL LETTER R WITH DOT ABOVE;;1E59;;·πô;;0072 0307
LATIN CAPITAL LETTER R WITH CARON;;0158;;≈ò;;0052 030C
LATIN SMALL LETTER R WITH CARON;;0159;;≈ô;;0072 030C
LATIN CAPITAL LETTER R WITH DOUBLE GRAVE;;0210;;»ê;;0052 030F
LATIN SMALL LETTER R WITH DOUBLE GRAVE;;0211;;»ë;;0072 030F
LATIN CAPITAL LETTER R WITH INVERTED BREVE;;0212;;»í;;0052 0311
LATIN SMALL LETTER R WITH INVERTED BREVE;;0213;;»ì;;0072 0311
LATIN CAPITAL LETTER R WITH DOT BELOW;;1E5A;;·πö;;0052 0323
LATIN SMALL LETTER R WITH DOT BELOW;;1E5B;;·πõ;;0072 0323
LATIN CAPITAL LETTER R WITH DOT BELOW AND MACRON;;1E5C;;·πú;;0052 0323 0304
LATIN SMALL LETTER R WITH DOT BELOW AND MACRON;;1E5D;;·πù;;0072 0323 0304
LATIN CAPITAL LETTER R WITH CEDILLA;;0156;;≈ñ;;0052 0327
LATIN SMALL LETTER R WITH CEDILLA;;0157;;≈ó;;0072 0327
LATIN CAPITAL LETTER R WITH LINE BELOW;;1E5E;;·πû;;0052 0331
LATIN SMALL LETTER R WITH LINE BELOW;;1E5F;;·πü;;0072 0331
LATIN SMALL LETTER LONG S;;017F;;≈ø;;017F
MODIFIER LETTER SMALL S;;02E2;;À¢;;02E2
LATIN SUBSCRIPT SMALL LETTER S;;209B;;‚Çõ;;209B
CIRCLED LATIN CAPITAL LETTER S;;24C8;;‚ìà;;24C8
CIRCLED LATIN SMALL LETTER S;;24E2;;‚ì¢;;24E2
FULLWIDTH LATIN CAPITAL LETTER S;;FF33;;Ôº≥;;FF33
FULLWIDTH LATIN SMALL LETTER S;;FF53;;ÔΩì;;FF53
MATHEMATICAL BOLD CAPITAL S;;1D412;;ùêí;;1D412
MATHEMATICAL BOLD SMALL S;;1D42C;;ùê¨;;1D42C
MATHEMATICAL ITALIC CAPITAL S;;1D446;;ùëÜ;;1D446
MATHEMATICAL ITALIC SMALL S;;1D460;;ùë†;;1D460
MATHEMATICAL BOLD ITALIC CAPITAL S;;1D47A;;ùë∫;;1D47A
MATHEMATICAL BOLD ITALIC SMALL S;;1D494;;ùíî;;1D494
MATHEMATICAL SCRIPT CAPITAL S;;1D4AE;;ùíÆ;;1D4AE
MATHEMATICAL SCRIPT SMALL S;;1D4C8;;ùìà;;1D4C8
MATHEMATICAL BOLD SCRIPT CAPITAL S;;1D4E2;;ùì¢;;1D4E2
MATHEMATICAL BOLD SCRIPT SMALL S;;1D4FC;;ùìº;;1D4FC
MATHEMATICAL FRAKTUR CAPITAL S;;1D516;;ùîñ;;1D516
MATHEMATICAL FRAKTUR SMALL S;;1D530;;ùî∞;;1D530
MATHEMATICAL DOUBLE-STRUCK CAPITAL S;;1D54A;;ùïä;;1D54A
MATHEMATICAL DOUBLE-STRUCK SMALL S;;1D564;;ùï§;;1D564
MATHEMATICAL BOLD FRAKTUR CAPITAL S;;1D57E;;ùïæ;;1D57E
MATHEMATICAL BOLD FRAKTUR SMALL S;;1D598;;ùñò;;1D598
MATHEMATICAL SANS-SERIF CAPITAL S;;1D5B2;;ùñ≤;;1D5B2
MATHEMATICAL SANS-SERIF SMALL S;;1D5CC;;ùóå;;1D5CC
MATHEMATICAL SANS-SERIF BOLD CAPITAL S;;1D5E6;;ùó¶;;1D5E6
MATHEMATICAL SANS-SERIF BOLD SMALL S;;1D600;;ùòÄ;;1D600
MATHEMATICAL SANS-SERIF ITALIC CAPITAL S;;1D61A;;ùòö;;1D61A
MATHEMATICAL SANS-SERIF ITALIC SMALL S;;1D634;;ùò¥;;1D634
MATHEMATICAL SANS-SERIF BOLD ITALIC CAPITAL S;;1D64E;;ùôé;;1D64E
MATHEMATICAL SANS-SERIF BOLD ITALIC SMALL S;;1D668;;ùô®;;1D668
MATHEMATICAL MONOSPACE CAPITAL S;;1D682;;ùöÇ;;1D682
MATHEMATICAL MONOSPACE SMALL S;;1D69C;;ùöú;;1D69C
SQUARED LATIN CAPITAL LETTER S;;1F142;;üÖÇ;;1F142
SQUARED SD;;1F14C;;üÖå;;1F14C
SERVICE MARK;;2120;;‚Ñ†;;2120
SQUARE SR;;33DB;;„èõ;;33DB
SQUARED SS;;1F14D;;üÖç;;1F14D
LATIN SMALL LIGATURE LONG S T;;FB05;;Ô¨Ö;;FB05
LATIN SMALL LIGATURE ST;;FB06;;Ô¨Ü;;FB06
SQUARE SV;;33DC;;„èú;;33DC
LATIN CAPITAL LETTER S WITH ACUTE;;015A;;≈ö;;0053 0301
LATIN SMALL LETTER S WITH ACUTE;;015B;;≈õ;;0073 0301
LATIN CAPITAL LETTER S WITH ACUTE AND DOT ABOVE;;1E64;;·π§;;0053 0301 0307
LATIN SMALL LETTER S WITH ACUTE AND DOT ABOVE;;1E65;;·π•;;0073 0301 0307
LATIN CAPITAL LETTER S WITH CIRCUMFLEX;;015C;;≈ú;;0053 0302
LATIN SMALL LETTER S WITH CIRCUMFLEX;;015D;;≈ù;;0073 0302
LATIN CAPITAL LETTER S WITH DOT ABOVE;;1E60;;·π†;;0053 0307
LATIN SMALL LETTER S WITH DOT ABOVE;;1E61;;·π°;;0073 0307
LATIN SMALL LETTER LONG S WITH DOT ABOVE;;1E9B;;·∫õ;;017F 0307
LATIN CAPITAL LETTER S WITH CARON;;0160;;≈†;;0053 030C
LATIN SMALL LETTER S WITH CARON;;0161;;≈°;;0073 030C
LATIN CAPITAL LETTER S WITH CARON AND DOT ABOVE;;1E66;;·π¶;;0053 030C 0307
LATIN SMALL LETTER S WITH CARON AND DOT ABOVE;;1E67;;·πß;;0073 030C 0307
LATIN CAPITAL LETTER S WITH DOT BELOW;;1E62;;·π¢;;0053 0323
LATIN SMALL LETTER S WITH DOT BELOW;;1E63;;·π£;;0073 0323
LATIN CAPITAL LETTER S WITH DOT BELOW AND DOT ABOVE;;1E68;;·π®;;0053 0323 0307
LATIN SMALL LETTER S WITH DOT BELOW AND DOT ABOVE;;1E69;;·π©;;0073 0323 0307
LATIN CAPITAL LETTER S WITH COMMA BELOW;;0218;;»ò;;0053 0326
LATIN SMALL LETTER S WITH COMMA BELOW;;0219;;»ô;;0073 0326
LATIN CAPITAL LETTER S WITH CEDILLA;;015E;;≈û;;0053 0327
LATIN SMALL LETTER S WITH CEDILLA;;015F;;≈ü;;0073 0327
MODIFIER LETTER CAPITAL T;;1D40;;·µÄ;;1D40
MODIFIER LETTER SMALL T;;1D57;;·µó;;1D57
LATIN SUBSCRIPT SMALL LETTER T;;209C;;‚Çú;;209C
CIRCLED LATIN CAPITAL LETTER T;;24C9;;‚ìâ;;24C9
CIRCLED LATIN SMALL LETTER T;;24E3;;‚ì£;;24E3
FULLWIDTH LATIN CAPITAL LETTER T;;FF34;;Ôº¥;;FF34
FULLWIDTH LATIN SMALL LETTER T;;FF54;;ÔΩî;;FF54
MATHEMATICAL BOLD CAPITAL T;;1D413;;ùêì;;1D413
MATHEMATICAL BOLD SMALL T;;1D42D;;ùê≠;;1D42D
MATHEMATICAL ITALIC CAPITAL T;;1D447;;ùëá;;1D447
MATHEMATICAL ITALIC SMALL T;;1D461;;ùë°;;1D461
MATHEMATICAL BOLD ITALIC CAPITAL T;;1D47B;;ùëª;;1D47B
MATHEMATICAL BOLD ITALIC SMALL T;;1D495;;ùíï;;1D495
MATHEMATICAL SCRIPT CAPITAL T;;1D4AF;;ùíØ;;1D4AF
MATHEMATICAL SCRIPT SMALL T;;1D4C9;;ùìâ;;1D4C9
MATHEMATICAL BOLD SCRIPT CAPITAL T;;1D4E3;;ùì£;;1D4E3
MATHEMATICAL BOLD SCRIPT SMALL T;;1D4FD;;ùìΩ;;1D4FD
MATHEMATICAL FRAKTUR CAPITAL T;;1D517;;ùîó;;1D517
MATHEMATICAL FRAKTUR SMALL T;;1D531;;ùî±;;1D531
MATHEMATICAL DOUBLE-STRUCK CAPITAL T;;1D54B;;ùïã;;1D54B
MATHEMATICAL DOUBLE-STRUCK SMALL T;;1D565;;ùï•;;1D565
MATHEMATICAL BOLD FRAKTUR CAPITAL T;;1D57F;;ùïø;;1D57F
MATHEMATICAL BOLD FRAKTUR SMALL T;;1D599;;ùñô;;1D599
MATHEMATICAL SANS-SERIF CAPITAL T;;1D5B3;;ùñ≥;;1D5B3
MATHEMATICAL SANS-SERIF SMALL T;;1D5CD;;ùóç;;1D5CD
MATHEMATICAL SANS-SERIF BOLD CAPITAL T;;1D5E7;;ùóß;;1D5E7
MATHEMATICAL SANS-SERIF BOLD SMALL T;;1D601;;ùòÅ;;1D601
MATHEMATICAL SANS-SERIF ITALIC CAPITAL T;;1D61B;;ùòõ;;1D61B
MATHEMATICAL SANS-SERIF ITALIC SMALL T;;1D635;;ùòµ;;1D635
MATHEMATICAL SANS-SERIF BOLD ITALIC CAPITAL T;;1D64F;;ùôè;;1D64F
MATHEMATICAL SANS-SERIF BOLD ITALIC SMALL T;;1D669;;ùô©;;1D669
MATHEMATICAL MONOSPACE CAPITAL T;;1D683;;ùöÉ;;1D683
MATHEMATICAL MONOSPACE SMALL T;;1D69D;;ùöù;;1D69D
SQUARED LATIN CAPITAL LETTER T;;1F143;;üÖÉ;;1F143
TELEPHONE SIGN;;2121;;‚Ñ°;;2121
SQUARE THZ;;3394;;„éî;;3394
TRADE MARK SIGN;;2122;;‚Ñ¢;;2122
LATIN CAPITAL LETTER T WITH DOT ABOVE;;1E6A;;·π™;;0054 0307
LATIN SMALL LETTER T WITH DOT ABOVE;;1E6B;;·π´;;0074 0307
LATIN SMALL LETTER T WITH DIAERESIS;;1E97;;·∫ó;;0074 0308
LATIN CAPITAL LETTER T WITH CARON;;0164;;≈§;;0054 030C
LATIN SMALL LETTER T WITH CARON;;0165;;≈•;;0074 030C
LATIN CAPITAL LETTER T WITH DOT BELOW;;1E6C;;·π¨;;0054 0323
LATIN SMALL LETTER T WITH DOT BELOW;;1E6D;;·π≠;;0074 0323
LATIN CAPITAL LETTER T WITH COMMA BELOW;;021A;;»ö;;0054 0326
LATIN SMALL LETTER T WITH COMMA BELOW;;021B;;»õ;;0074 0326
LATIN CAPITAL LETTER T WITH CEDILLA;;0162;;≈¢;;0054 0327
LATIN SMALL LETTER T WITH CEDILLA;;0163;;≈£;;0074 0327
LATIN CAPITAL LETTER T WITH CIRCUMFLEX BELOW;;1E70;;·π∞;;0054 032D
LATIN SMALL LETTER T WITH CIRCUMFLEX BELOW;;1E71;;·π±;;0074 032D
LATIN CAPITAL LETTER T WITH LINE BELOW;;1E6E;;·πÆ;;0054 0331
LATIN SMALL LETTER T WITH LINE BELOW;;1E6F;;·πØ;;0074 0331
MODIFIER LETTER CAPITAL U;;1D41;;·µÅ;;1D41
MODIFIER LETTER SMALL U;;1D58;;·µò;;1D58
LATIN SUBSCRIPT SMALL LETTER U;;1D64;;·µ§;;1D64
CIRCLED LATIN CAPITAL LETTER U;;24CA;;‚ìä;;24CA
CIRCLED LATIN SMALL LETTER U;;24E4;;‚ì§;;24E4
FULLWIDTH LATIN CAPITAL LETTER U;;FF35;;Ôºµ;;FF35
FULLWIDTH LATIN SMALL LETTER U;;FF55;;ÔΩï;;FF55
MATHEMATICAL BOLD CAPITAL U;;1D414;;ùêî;;1D414
MATHEMATICAL BOLD SMALL U;;1D42E;;ùêÆ;;1D42E
MATHEMATICAL ITALIC CAPITAL U;;1D448;;ùëà;;1D448
MATHEMATICAL ITALIC SMALL U;;1D462;;ùë¢;;1D462
MATHEMATICAL BOLD ITALIC CAPITAL U;;1D47C;;ùëº;;1D47C
MATHEMATICAL BOLD ITALIC SMALL U;;1D496;;ùíñ;;1D496
MATHEMATICAL SCRIPT CAPITAL U;;1D4B0;;ùí∞;;1D4B0
MATHEMATICAL SCRIPT SMALL U;;1D4CA;;ùìä;;1D4CA
MATHEMATICAL BOLD SCRIPT CAPITAL U;;1D4E4;;ùì§;;1D4E4
MATHEMATICAL BOLD SCRIPT SMALL U;;1D4FE;;ùìæ;;1D4FE
MATHEMATICAL FRAKTUR CAPITAL U;;1D518;;ùîò;;1D518
MATHEMATICAL FRAKTUR SMALL U;;1D532;;ùî≤;;1D532
MATHEMATICAL DOUBLE-STRUCK CAPITAL U;;1D54C;;ùïå;;1D54C
MATHEMATICAL DOUBLE-STRUCK SMALL U;;1D566;;ùï¶;;1D566
MATHEMATICAL BOLD FRAKTUR CAPITAL U;;1D580;;ùñÄ;;1D580
MATHEMATICAL BOLD FRAKTUR SMALL U;;1D59A;;ùñö;;1D59A
MATHEMATICAL SANS-SERIF CAPITAL U;;1D5B4;;ùñ¥;;1D5B4
MATHEMATICAL SANS-SERIF SMALL U;;1D5CE;;ùóé;;1D5CE
MATHEMATICAL SANS-SERIF BOLD CAPITAL U;;1D5E8;;ùó®;;1D5E8
MATHEMATICAL SANS-SERIF BOLD SMALL U;;1D602;;ùòÇ;;1D602
MATHEMATICAL SANS-SERIF ITALIC CAPITAL U;;1D61C;;ùòú;;1D61C
MATHEMATICAL SANS-SERIF ITALIC SMALL U;;1D636;;ùò∂;;1D636
MATHEMATICAL SANS-SERIF BOLD ITALIC CAPITAL U;;1D650;;ùôê;;1D650
MATHEMATICAL SANS-SERIF BOLD ITALIC SMALL U;;1D66A;;ùô™;;1D66A
MATHEMATICAL MONOSPACE CAPITAL U;;1D684;;ùöÑ;;1D684
MATHEMATICAL MONOSPACE SMALL U;;1D69E;;ùöû;;1D69E
SQUARED LATIN CAPITAL LETTER U;;1F144;;üÖÑ;;1F144
LATIN CAPITAL LETTER U WITH GRAVE;;00D9;;√ô;;0055 0300
LATIN SMALL LETTER U WITH GRAVE;;00F9;;√π;;0075 0300
LATIN CAPITAL LETTER U WITH ACUTE;;00DA;;√ö;;0055 0301
LATIN SMALL LETTER U WITH ACUTE;;00FA;;√∫;;0075 0301
LATIN CAPITAL LETTER U WITH CIRCUMFLEX;;00DB;;√õ;;0055 0302
LATIN SMALL LETTER U WITH CIRCUMFLEX;;00FB;;√ª;;0075 0302
LATIN CAPITAL LETTER U WITH TILDE;;0168;;≈®;;0055 0303
LATIN SMALL LETTER U WITH TILDE;;0169;;≈©;;0075 0303
LATIN CAPITAL LETTER U WITH TILDE AND ACUTE;;1E78;;·π∏;;0055 0303 0301
LATIN SMALL LETTER U WITH TILDE AND ACUTE;;1E79;;·ππ;;0075 0303 0301
LATIN CAPITAL LETTER U WITH MACRON;;016A;;≈™;;0055 0304
LATIN SMALL LETTER U WITH MACRON;;016B;;≈´;;0075 0304
LATIN CAPITAL LETTER U WITH MACRON AND DIAERESIS;;1E7A;;·π∫;;0055 0304 0308
LATIN SMALL LETTER U WITH MACRON AND DIAERESIS;;1E7B;;·πª;;0075 0304 0308
LATIN CAPITAL LETTER U WITH BREVE;;016C;;≈¨;;0055 0306
LATIN SMALL LETTER U WITH BREVE;;016D;;≈≠;;0075 0306
LATIN CAPITAL LETTER U WITH DIAERESIS;;00DC;;√ú;;0055 0308
LATIN SMALL LETTER U WITH DIAERESIS;;00FC;;√º;;0075 0308
LATIN CAPITAL LETTER U WITH DIAERESIS AND GRAVE;;01DB;;«õ;;0055 0308 0300
LATIN SMALL LETTER U WITH DIAERESIS AND GRAVE;;01DC;;«ú;;0075 0308 0300
LATIN CAPITAL LETTER U WITH DIAERESIS AND ACUTE;;01D7;;«ó;;0055 0308 0301
LATIN SMALL LETTER U WITH DIAERESIS AND ACUTE;;01D8;;«ò;;0075 0308 0301
LATIN CAPITAL LETTER U WITH DIAERESIS AND MACRON;;01D5;;«ï;;0055 0308 0304
LATIN SMALL LETTER U WITH DIAERESIS AND MACRON;;01D6;;«ñ;;0075 0308 0304
LATIN CAPITAL LETTER U WITH DIAERESIS AND CARON;;01D9;;«ô;;0055 0308 030C
LATIN SMALL LETTER U WITH DIAERESIS AND CARON;;01DA;;«ö;;0075 0308 030C
LATIN CAPITAL LETTER U WITH HOOK ABOVE;;1EE6;;·ª¶;;0055 0309
LATIN SMALL LETTER U WITH HOOK ABOVE;;1EE7;;·ªß;;0075 0309
LATIN CAPITAL LETTER U WITH RING ABOVE;;016E;;≈Æ;;0055 030A
LATIN SMALL LETTER U WITH RING ABOVE;;016F;;≈Ø;;0075 030A
LATIN CAPITAL LETTER U WITH DOUBLE ACUTE;;0170;;≈∞;;0055 030B
LATIN SMALL LETTER U WITH DOUBLE ACUTE;;0171;;≈±;;0075 030B
LATIN CAPITAL LETTER U WITH CARON;;01D3;;«ì;;0055 030C
LATIN SMALL LETTER U WITH CARON;;01D4;;«î;;0075 030C
LATIN CAPITAL LETTER U WITH DOUBLE GRAVE;;0214;;»î;;0055 030F
LATIN SMALL LETTER U WITH DOUBLE GRAVE;;0215;;»ï;;0075 030F
LATIN CAPITAL LETTER U WITH INVERTED BREVE;;0216;;»ñ;;0055 0311
LATIN SMALL LETTER U WITH INVERTED BREVE;;0217;;»ó;;0075 0311
LATIN CAPITAL LETTER U WITH HORN;;01AF;;∆Ø;;0055 031B
LATIN SMALL LETTER U WITH HORN;;01B0;;∆∞;;0075 031B
LATIN CAPITAL LETTER U WITH HORN AND GRAVE;;1EEA;;·ª™;;0055 031B 0300
LATIN SMALL LETTER U WITH HORN AND GRAVE;;1EEB;;·ª´;;0075 031B 0300
LATIN CAPITAL LETTER U WITH HORN AND ACUTE;;1EE8;;·ª®;;0055 031B 0301
LATIN SMALL LETTER U WITH HORN AND ACUTE;;1EE9;;·ª©;;0075 031B 0301
LATIN CAPITAL LETTER U WITH HORN AND TILDE;;1EEE;;·ªÆ;;0055 031B 0303
LATIN SMALL LETTER U WITH HORN AND TILDE;;1EEF;;·ªØ;;0075 031B 0303
LATIN CAPITAL LETTER U WITH HORN AND HOOK ABOVE;;1EEC;;·ª¨;;0055 031B 0309
LATIN SMALL LETTER U WITH HORN AND HOOK ABOVE;;1EED;;·ª≠;;0075 031B 0309
LATIN CAPITAL LETTER U WITH HORN AND DOT BELOW;;1EF0;;·ª∞;;0055 031B 0323
LATIN SMALL LETTER U WITH HORN AND DOT BELOW;;1EF1;;·ª±;;0075 031B 0323
LATIN CAPITAL LETTER U WITH DOT BELOW;;1EE4;;·ª§;;0055 0323
LATIN SMALL LETTER U WITH DOT BELOW;;1EE5;;·ª•;;0075 0323
LATIN CAPITAL LETTER U WITH DIAERESIS BELOW;;1E72;;·π≤;;0055 0324
LATIN SMALL LETTER U WITH DIAERESIS BELOW;;1E73;;·π≥;;0075 0324
LATIN CAPITAL LETTER U WITH OGONEK;;0172;;≈≤;;0055 0328
LATIN SMALL LETTER U WITH OGONEK;;0173;;≈≥;;0075 0328
LATIN CAPITAL LETTER U WITH CIRCUMFLEX BELOW;;1E76;;·π∂;;0055 032D
LATIN SMALL LETTER U WITH CIRCUMFLEX BELOW;;1E77;;·π∑;;0075 032D
LATIN CAPITAL LETTER U WITH TILDE BELOW;;1E74;;·π¥;;0055 0330
LATIN SMALL LETTER U WITH TILDE BELOW;;1E75;;·πµ;;0075 0330
MODIFIER LETTER SMALL V;;1D5B;;·µõ;;1D5B
LATIN SUBSCRIPT SMALL LETTER V;;1D65;;·µ•;;1D65
ROMAN NUMERAL FIVE;;2164;;‚Ö§;;2164
SMALL ROMAN NUMERAL FIVE;;2174;;‚Ö¥;;2174
CIRCLED LATIN CAPITAL LETTER V;;24CB;;‚ìã;;24CB
CIRCLED LATIN SMALL LETTER V;;24E5;;‚ì•;;24E5
MODIFIER LETTER CAPITAL V;;2C7D;;‚±Ω;;2C7D
FULLWIDTH LATIN CAPITAL LETTER V;;FF36;;Ôº∂;;FF36
FULLWIDTH LATIN SMALL LETTER V;;FF56;;ÔΩñ;;FF56
MATHEMATICAL BOLD CAPITAL V;;1D415;;ùêï;;1D415
MATHEMATICAL BOLD SMALL V;;1D42F;;ùêØ;;1D42F
MATHEMATICAL ITALIC CAPITAL V;;1D449;;ùëâ;;1D449
MATHEMATICAL ITALIC SMALL V;;1D463;;ùë£;;1D463
MATHEMATICAL BOLD ITALIC CAPITAL V;;1D47D;;ùëΩ;;1D47D
MATHEMATICAL BOLD ITALIC SMALL V;;1D497;;ùíó;;1D497
MATHEMATICAL SCRIPT CAPITAL V;;1D4B1;;ùí±;;1D4B1
MATHEMATICAL SCRIPT SMALL V;;1D4CB;;ùìã;;1D4CB
MATHEMATICAL BOLD SCRIPT CAPITAL V;;1D4E5;;ùì•;;1D4E5
MATHEMATICAL BOLD SCRIPT SMALL V;;1D4FF;;ùìø;;1D4FF
MATHEMATICAL FRAKTUR CAPITAL V;;1D519;;ùîô;;1D519
MATHEMATICAL FRAKTUR SMALL V;;1D533;;ùî≥;;1D533
MATHEMATICAL DOUBLE-STRUCK CAPITAL V;;1D54D;;ùïç;;1D54D
MATHEMATICAL DOUBLE-STRUCK SMALL V;;1D567;;ùïß;;1D567
MATHEMATICAL BOLD FRAKTUR CAPITAL V;;1D581;;ùñÅ;;1D581
MATHEMATICAL BOLD FRAKTUR SMALL V;;1D59B;;ùñõ;;1D59B
MATHEMATICAL SANS-SERIF CAPITAL V;;1D5B5;;ùñµ;;1D5B5
MATHEMATICAL SANS-SERIF SMALL V;;1D5CF;;ùóè;;1D5CF
MATHEMATICAL SANS-SERIF BOLD CAPITAL V;;1D5E9;;ùó©;;1D5E9
MATHEMATICAL SANS-SERIF BOLD SMALL V;;1D603;;ùòÉ;;1D603
MATHEMATICAL SANS-SERIF ITALIC CAPITAL V;;1D61D;;ùòù;;1D61D
MATHEMATICAL SANS-SERIF ITALIC SMALL V;;1D637;;ùò∑;;1D637
MATHEMATICAL SANS-SERIF BOLD ITALIC CAPITAL V;;1D651;;ùôë;;1D651
MATHEMATICAL SANS-SERIF BOLD ITALIC SMALL V;;1D66B;;ùô´;;1D66B
MATHEMATICAL MONOSPACE CAPITAL V;;1D685;;ùöÖ;;1D685
MATHEMATICAL MONOSPACE SMALL V;;1D69F;;ùöü;;1D69F
SQUARED LATIN CAPITAL LETTER V;;1F145;;üÖÖ;;1F145
ROMAN NUMERAL SIX;;2165;;‚Ö•;;2165
SMALL ROMAN NUMERAL SIX;;2175;;‚Öµ;;2175
ROMAN NUMERAL SEVEN;;2166;;‚Ö¶;;2166
SMALL ROMAN NUMERAL SEVEN;;2176;;‚Ö∂;;2176
ROMAN NUMERAL EIGHT;;2167;;‚Öß;;2167
SMALL ROMAN NUMERAL EIGHT;;2177;;‚Ö∑;;2177
LATIN CAPITAL LETTER V WITH TILDE;;1E7C;;·πº;;0056 0303
LATIN SMALL LETTER V WITH TILDE;;1E7D;;·πΩ;;0076 0303
LATIN CAPITAL LETTER V WITH DOT BELOW;;1E7E;;·πæ;;0056 0323
LATIN SMALL LETTER V WITH DOT BELOW;;1E7F;;·πø;;0076 0323
SQUARE V OVER M;;33DE;;„èû;;33DE
MODIFIER LETTER SMALL W;;02B7;; ∑;;02B7
MODIFIER LETTER CAPITAL W;;1D42;;·µÇ;;1D42
CIRCLED LATIN CAPITAL LETTER W;;24CC;;‚ìå;;24CC
CIRCLED LATIN SMALL LETTER W;;24E6;;‚ì¶;;24E6
FULLWIDTH LATIN CAPITAL LETTER W;;FF37;;Ôº∑;;FF37
FULLWIDTH LATIN SMALL LETTER W;;FF57;;ÔΩó;;FF57
MATHEMATICAL BOLD CAPITAL W;;1D416;;ùêñ;;1D416
MATHEMATICAL BOLD SMALL W;;1D430;;ùê∞;;1D430
MATHEMATICAL ITALIC CAPITAL W;;1D44A;;ùëä;;1D44A
MATHEMATICAL ITALIC SMALL W;;1D464;;ùë§;;1D464
MATHEMATICAL BOLD ITALIC CAPITAL W;;1D47E;;ùëæ;;1D47E
MATHEMATICAL BOLD ITALIC SMALL W;;1D498;;ùíò;;1D498
MATHEMATICAL SCRIPT CAPITAL W;;1D4B2;;ùí≤;;1D4B2
MATHEMATICAL SCRIPT SMALL W;;1D4CC;;ùìå;;1D4CC
MATHEMATICAL BOLD SCRIPT CAPITAL W;;1D4E6;;ùì¶;;1D4E6
MATHEMATICAL BOLD SCRIPT SMALL W;;1D500;;ùîÄ;;1D500
MATHEMATICAL FRAKTUR CAPITAL W;;1D51A;;ùîö;;1D51A
MATHEMATICAL FRAKTUR SMALL W;;1D534;;ùî¥;;1D534
MATHEMATICAL DOUBLE-STRUCK CAPITAL W;;1D54E;;ùïé;;1D54E
MATHEMATICAL DOUBLE-STRUCK SMALL W;;1D568;;ùï®;;1D568
MATHEMATICAL BOLD FRAKTUR CAPITAL W;;1D582;;ùñÇ;;1D582
MATHEMATICAL BOLD FRAKTUR SMALL W;;1D59C;;ùñú;;1D59C
MATHEMATICAL SANS-SERIF CAPITAL W;;1D5B6;;ùñ∂;;1D5B6
MATHEMATICAL SANS-SERIF SMALL W;;1D5D0;;ùóê;;1D5D0
MATHEMATICAL SANS-SERIF BOLD CAPITAL W;;1D5EA;;ùó™;;1D5EA
MATHEMATICAL SANS-SERIF BOLD SMALL W;;1D604;;ùòÑ;;1D604
MATHEMATICAL SANS-SERIF ITALIC CAPITAL W;;1D61E;;ùòû;;1D61E
MATHEMATICAL SANS-SERIF ITALIC SMALL W;;1D638;;ùò∏;;1D638
MATHEMATICAL SANS-SERIF BOLD ITALIC CAPITAL W;;1D652;;ùôí;;1D652
MATHEMATICAL SANS-SERIF BOLD ITALIC SMALL W;;1D66C;;ùô¨;;1D66C
MATHEMATICAL MONOSPACE CAPITAL W;;1D686;;ùöÜ;;1D686
MATHEMATICAL MONOSPACE SMALL W;;1D6A0;;ùö†;;1D6A0
SQUARED LATIN CAPITAL LETTER W;;1F146;;üÖÜ;;1F146
SQUARE WB;;33DD;;„èù;;33DD
SQUARED WC;;1F14F;;üÖè;;1F14F
CIRCLED WZ;;1F12E;;üÑÆ;;1F12E
LATIN CAPITAL LETTER W WITH GRAVE;;1E80;;·∫Ä;;0057 0300
LATIN SMALL LETTER W WITH GRAVE;;1E81;;·∫Å;;0077 0300
LATIN CAPITAL LETTER W WITH ACUTE;;1E82;;·∫Ç;;0057 0301
LATIN SMALL LETTER W WITH ACUTE;;1E83;;·∫É;;0077 0301
LATIN CAPITAL LETTER W WITH CIRCUMFLEX;;0174;;≈¥;;0057 0302
LATIN SMALL LETTER W WITH CIRCUMFLEX;;0175;;≈µ;;0077 0302
LATIN CAPITAL LETTER W WITH DOT ABOVE;;1E86;;·∫Ü;;0057 0307
LATIN SMALL LETTER W WITH DOT ABOVE;;1E87;;·∫á;;0077 0307
LATIN CAPITAL LETTER W WITH DIAERESIS;;1E84;;·∫Ñ;;0057 0308
LATIN SMALL LETTER W WITH DIAERESIS;;1E85;;·∫Ö;;0077 0308
LATIN SMALL LETTER W WITH RING ABOVE;;1E98;;·∫ò;;0077 030A
LATIN CAPITAL LETTER W WITH DOT BELOW;;1E88;;·∫à;;0057 0323
LATIN SMALL LETTER W WITH DOT BELOW;;1E89;;·∫â;;0077 0323
MODIFIER LETTER SMALL X;;02E3;;À£;;02E3
LATIN SUBSCRIPT SMALL LETTER X;;2093;;‚Çì;;2093
ROMAN NUMERAL TEN;;2169;;‚Ö©;;2169
SMALL ROMAN NUMERAL TEN;;2179;;‚Öπ;;2179
CIRCLED LATIN CAPITAL LETTER X;;24CD;;‚ìç;;24CD
CIRCLED LATIN SMALL LETTER X;;24E7;;‚ìß;;24E7
FULLWIDTH LATIN CAPITAL LETTER X;;FF38;;Ôº∏;;FF38
FULLWIDTH LATIN SMALL LETTER X;;FF58;;ÔΩò;;FF58
MATHEMATICAL BOLD CAPITAL X;;1D417;;ùêó;;1D417
MATHEMATICAL BOLD SMALL X;;1D431;;ùê±;;1D431
MATHEMATICAL ITALIC CAPITAL X;;1D44B;;ùëã;;1D44B
MATHEMATICAL ITALIC SMALL X;;1D465;;ùë•;;1D465
MATHEMATICAL BOLD ITALIC CAPITAL X;;1D47F;;ùëø;;1D47F
MATHEMATICAL BOLD ITALIC SMALL X;;1D499;;ùíô;;1D499
MATHEMATICAL SCRIPT CAPITAL X;;1D4B3;;ùí≥;;1D4B3
MATHEMATICAL SCRIPT SMALL X;;1D4CD;;ùìç;;1D4CD
MATHEMATICAL BOLD SCRIPT CAPITAL X;;1D4E7;;ùìß;;1D4E7
MATHEMATICAL BOLD SCRIPT SMALL X;;1D501;;ùîÅ;;1D501
MATHEMATICAL FRAKTUR CAPITAL X;;1D51B;;ùîõ;;1D51B
MATHEMATICAL FRAKTUR SMALL X;;1D535;;ùîµ;;1D535
MATHEMATICAL DOUBLE-STRUCK CAPITAL X;;1D54F;;ùïè;;1D54F
MATHEMATICAL DOUBLE-STRUCK SMALL X;;1D569;;ùï©;;1D569
MATHEMATICAL BOLD FRAKTUR CAPITAL X;;1D583;;ùñÉ;;1D583
MATHEMATICAL BOLD FRAKTUR SMALL X;;1D59D;;ùñù;;1D59D
MATHEMATICAL SANS-SERIF CAPITAL X;;1D5B7;;ùñ∑;;1D5B7
MATHEMATICAL SANS-SERIF SMALL X;;1D5D1;;ùóë;;1D5D1
MATHEMATICAL SANS-SERIF BOLD CAPITAL X;;1D5EB;;ùó´;;1D5EB
MATHEMATICAL SANS-SERIF BOLD SMALL X;;1D605;;ùòÖ;;1D605
MATHEMATICAL SANS-SERIF ITALIC CAPITAL X;;1D61F;;ùòü;;1D61F
MATHEMATICAL SANS-SERIF ITALIC SMALL X;;1D639;;ùòπ;;1D639
MATHEMATICAL SANS-SERIF BOLD ITALIC CAPITAL X;;1D653;;ùôì;;1D653
MATHEMATICAL SANS-SERIF BOLD ITALIC SMALL X;;1D66D;;ùô≠;;1D66D
MATHEMATICAL MONOSPACE CAPITAL X;;1D687;;ùöá;;1D687
MATHEMATICAL MONOSPACE SMALL X;;1D6A1;;ùö°;;1D6A1
SQUARED LATIN CAPITAL LETTER X;;1F147;;üÖá;;1F147
ROMAN NUMERAL ELEVEN;;216A;;‚Ö™;;216A
SMALL ROMAN NUMERAL ELEVEN;;217A;;‚Ö∫;;217A
ROMAN NUMERAL TWELVE;;216B;;‚Ö´;;216B
SMALL ROMAN NUMERAL TWELVE;;217B;;‚Öª;;217B
LATIN CAPITAL LETTER X WITH DOT ABOVE;;1E8A;;·∫ä;;0058 0307
LATIN SMALL LETTER X WITH DOT ABOVE;;1E8B;;·∫ã;;0078 0307
LATIN CAPITAL LETTER X WITH DIAERESIS;;1E8C;;·∫å;;0058 0308
LATIN SMALL LETTER X WITH DIAERESIS;;1E8D;;·∫ç;;0078 0308
MODIFIER LETTER SMALL Y;;02B8;; ∏;;02B8
CIRCLED LATIN CAPITAL LETTER Y;;24CE;;‚ìé;;24CE
CIRCLED LATIN SMALL LETTER Y;;24E8;;‚ì®;;24E8
FULLWIDTH LATIN CAPITAL LETTER Y;;FF39;;Ôºπ;;FF39
FULLWIDTH LATIN SMALL LETTER Y;;FF59;;ÔΩô;;FF59
MATHEMATICAL BOLD CAPITAL Y;;1D418;;ùêò;;1D418
MATHEMATICAL BOLD SMALL Y;;1D432;;ùê≤;;1D432
MATHEMATICAL ITALIC CAPITAL Y;;1D44C;;ùëå;;1D44C
MATHEMATICAL ITALIC SMALL Y;;1D466;;ùë¶;;1D466
MATHEMATICAL BOLD ITALIC CAPITAL Y;;1D480;;ùíÄ;;1D480
MATHEMATICAL BOLD ITALIC SMALL Y;;1D49A;;ùíö;;1D49A
MATHEMATICAL SCRIPT CAPITAL Y;;1D4B4;;ùí¥;;1D4B4
MATHEMATICAL SCRIPT SMALL Y;;1D4CE;;ùìé;;1D4CE
MATHEMATICAL BOLD SCRIPT CAPITAL Y;;1D4E8;;ùì®;;1D4E8
MATHEMATICAL BOLD SCRIPT SMALL Y;;1D502;;ùîÇ;;1D502
MATHEMATICAL FRAKTUR CAPITAL Y;;1D51C;;ùîú;;1D51C
MATHEMATICAL FRAKTUR SMALL Y;;1D536;;ùî∂;;1D536
MATHEMATICAL DOUBLE-STRUCK CAPITAL Y;;1D550;;ùïê;;1D550
MATHEMATICAL DOUBLE-STRUCK SMALL Y;;1D56A;;ùï™;;1D56A
MATHEMATICAL BOLD FRAKTUR CAPITAL Y;;1D584;;ùñÑ;;1D584
MATHEMATICAL BOLD FRAKTUR SMALL Y;;1D59E;;ùñû;;1D59E
MATHEMATICAL SANS-SERIF CAPITAL Y;;1D5B8;;ùñ∏;;1D5B8
MATHEMATICAL SANS-SERIF SMALL Y;;1D5D2;;ùóí;;1D5D2
MATHEMATICAL SANS-SERIF BOLD CAPITAL Y;;1D5EC;;ùó¨;;1D5EC
MATHEMATICAL SANS-SERIF BOLD SMALL Y;;1D606;;ùòÜ;;1D606
MATHEMATICAL SANS-SERIF ITALIC CAPITAL Y;;1D620;;ùò†;;1D620
MATHEMATICAL SANS-SERIF ITALIC SMALL Y;;1D63A;;ùò∫;;1D63A
MATHEMATICAL SANS-SERIF BOLD ITALIC CAPITAL Y;;1D654;;ùôî;;1D654
MATHEMATICAL SANS-SERIF BOLD ITALIC SMALL Y;;1D66E;;ùôÆ;;1D66E
MATHEMATICAL MONOSPACE CAPITAL Y;;1D688;;ùöà;;1D688
MATHEMATICAL MONOSPACE SMALL Y;;1D6A2;;ùö¢;;1D6A2
SQUARED LATIN CAPITAL LETTER Y;;1F148;;üÖà;;1F148
LATIN CAPITAL LETTER Y WITH GRAVE;;1EF2;;·ª≤;;0059 0300
LATIN SMALL LETTER Y WITH GRAVE;;1EF3;;·ª≥;;0079 0300
LATIN CAPITAL LETTER Y WITH ACUTE;;00DD;;√ù;;0059 0301
LATIN SMALL LETTER Y WITH ACUTE;;00FD;;√Ω;;0079 0301
LATIN CAPITAL LETTER Y WITH CIRCUMFLEX;;0176;;≈∂;;0059 0302
LATIN SMALL LETTER Y WITH CIRCUMFLEX;;0177;;≈∑;;0079 0302
LATIN CAPITAL LETTER Y WITH TILDE;;1EF8;;·ª∏;;0059 0303
LATIN SMALL LETTER Y WITH TILDE;;1EF9;;·ªπ;;0079 0303
LATIN CAPITAL LETTER Y WITH MACRON;;0232;;»≤;;0059 0304
LATIN SMALL LETTER Y WITH MACRON;;0233;;»≥;;0079 0304
LATIN CAPITAL LETTER Y WITH DOT ABOVE;;1E8E;;·∫é;;0059 0307
LATIN SMALL LETTER Y WITH DOT ABOVE;;1E8F;;·∫è;;0079 0307
LATIN SMALL LETTER Y WITH DIAERESIS;;00FF;;√ø;;0079 0308
LATIN CAPITAL LETTER Y WITH DIAERESIS;;0178;;≈∏;;0059 0308
LATIN CAPITAL LETTER Y WITH HOOK ABOVE;;1EF6;;·ª∂;;0059 0309
LATIN SMALL LETTER Y WITH HOOK ABOVE;;1EF7;;·ª∑;;0079 0309
LATIN SMALL LETTER Y WITH RING ABOVE;;1E99;;·∫ô;;0079 030A
LATIN CAPITAL LETTER Y WITH DOT BELOW;;1EF4;;·ª¥;;0059 0323
LATIN SMALL LETTER Y WITH DOT BELOW;;1EF5;;·ªµ;;0079 0323
MODIFIER LETTER SMALL Z;;1DBB;;·∂ª;;1DBB
DOUBLE-STRUCK CAPITAL Z;;2124;;‚Ñ§;;2124
BLACK-LETTER CAPITAL Z;;2128;;‚Ñ®;;2128
CIRCLED LATIN CAPITAL LETTER Z;;24CF;;‚ìè;;24CF
CIRCLED LATIN SMALL LETTER Z;;24E9;;‚ì©;;24E9
FULLWIDTH LATIN CAPITAL LETTER Z;;FF3A;;Ôº∫;;FF3A
FULLWIDTH LATIN SMALL LETTER Z;;FF5A;;ÔΩö;;FF5A
MATHEMATICAL BOLD CAPITAL Z;;1D419;;ùêô;;1D419
MATHEMATICAL BOLD SMALL Z;;1D433;;ùê≥;;1D433
MATHEMATICAL ITALIC CAPITAL Z;;1D44D;;ùëç;;1D44D
MATHEMATICAL ITALIC SMALL Z;;1D467;;ùëß;;1D467
MATHEMATICAL BOLD ITALIC CAPITAL Z;;1D481;;ùíÅ;;1D481
MATHEMATICAL BOLD ITALIC SMALL Z;;1D49B;;ùíõ;;1D49B
MATHEMATICAL SCRIPT CAPITAL Z;;1D4B5;;ùíµ;;1D4B5
MATHEMATICAL SCRIPT SMALL Z;;1D4CF;;ùìè;;1D4CF
MATHEMATICAL BOLD SCRIPT CAPITAL Z;;1D4E9;;ùì©;;1D4E9
MATHEMATICAL BOLD SCRIPT SMALL Z;;1D503;;ùîÉ;;1D503
MATHEMATICAL FRAKTUR SMALL Z;;1D537;;ùî∑;;1D537
MATHEMATICAL DOUBLE-STRUCK SMALL Z;;1D56B;;ùï´;;1D56B
MATHEMATICAL BOLD FRAKTUR CAPITAL Z;;1D585;;ùñÖ;;1D585
MATHEMATICAL BOLD FRAKTUR SMALL Z;;1D59F;;ùñü;;1D59F
MATHEMATICAL SANS-SERIF CAPITAL Z;;1D5B9;;ùñπ;;1D5B9
MATHEMATICAL SANS-SERIF SMALL Z;;1D5D3;;ùóì;;1D5D3
MATHEMATICAL SANS-SERIF BOLD CAPITAL Z;;1D5ED;;ùó≠;;1D5ED
MATHEMATICAL SANS-SERIF BOLD SMALL Z;;1D607;;ùòá;;1D607
MATHEMATICAL SANS-SERIF ITALIC CAPITAL Z;;1D621;;ùò°;;1D621
MATHEMATICAL SANS-SERIF ITALIC SMALL Z;;1D63B;;ùòª;;1D63B
MATHEMATICAL SANS-SERIF BOLD ITALIC CAPITAL Z;;1D655;;ùôï;;1D655
MATHEMATICAL SANS-SERIF BOLD ITALIC SMALL Z;;1D66F;;ùôØ;;1D66F
MATHEMATICAL MONOSPACE CAPITAL Z;;1D689;;ùöâ;;1D689
MATHEMATICAL MONOSPACE SMALL Z;;1D6A3;;ùö£;;1D6A3
SQUARED LATIN CAPITAL LETTER Z;;1F149;;üÖâ;;1F149
LATIN CAPITAL LETTER Z WITH ACUTE;;0179;;≈π;;005A 0301
LATIN SMALL LETTER Z WITH ACUTE;;017A;;≈∫;;007A 0301
LATIN CAPITAL LETTER Z WITH CIRCUMFLEX;;1E90;;·∫ê;;005A 0302
LATIN SMALL LETTER Z WITH CIRCUMFLEX;;1E91;;·∫ë;;007A 0302
LATIN CAPITAL LETTER Z WITH DOT ABOVE;;017B;;≈ª;;005A 0307
LATIN SMALL LETTER Z WITH DOT ABOVE;;017C;;≈º;;007A 0307
LATIN CAPITAL LETTER Z WITH CARON;;017D;;≈Ω;;005A 030C
LATIN SMALL LETTER Z WITH CARON;;017E;;≈æ;;007A 030C
LATIN CAPITAL LETTER Z WITH DOT BELOW;;1E92;;·∫í;;005A 0323
LATIN SMALL LETTER Z WITH DOT BELOW;;1E93;;·∫ì;;007A 0323
LATIN CAPITAL LETTER Z WITH LINE BELOW;;1E94;;·∫î;;005A 0331
LATIN SMALL LETTER Z WITH LINE BELOW;;1E95;;·∫ï;;007A 0331
DEGREE CELSIUS;;2103;;‚ÑÉ;;2103
DEGREE FAHRENHEIT;;2109;;‚Ñâ;;2109
MODIFIER LETTER CAPITAL AE;;1D2D;;·¥≠;;1D2D
LATIN CAPITAL LETTER AE WITH ACUTE;;01FC;;«º;;00C6 0301
LATIN SMALL LETTER AE WITH ACUTE;;01FD;;«Ω;;00E6 0301
LATIN CAPITAL LETTER AE WITH MACRON;;01E2;;«¢;;00C6 0304
LATIN SMALL LETTER AE WITH MACRON;;01E3;;«£;;00E6 0304
MODIFIER LETTER SMALL ETH;;1D9E;;·∂û;;1D9E
LATIN CAPITAL LETTER O WITH STROKE AND ACUTE;;01FE;;«æ;;00D8 0301
LATIN SMALL LETTER O WITH STROKE AND ACUTE;;01FF;;«ø;;00F8 0301
PLANCK CONSTANT OVER TWO PI;;210F;;‚Ñè;;210F
MODIFIER LETTER CAPITAL H WITH STROKE;;A7F8;;Íü∏;;A7F8
MATHEMATICAL ITALIC SMALL DOTLESS I;;1D6A4;;ùö§;;1D6A4
MODIFIER LETTER SMALL ENG;;1D51;;·µë;;1D51
MODIFIER LETTER SMALL LIGATURE OE;;A7F9;;Íüπ;;A7F9
MODIFIER LETTER SMALL T WITH PALATAL HOOK;;1DB5;;·∂µ;;1DB5
MODIFIER LETTER CAPITAL REVERSED E;;1D32;;·¥≤;;1D32
MODIFIER LETTER CAPITAL OU;;1D3D;;·¥Ω;;1D3D
MATHEMATICAL ITALIC SMALL DOTLESS J;;1D6A5;;ùö•;;1D6A5
MODIFIER LETTER SMALL TURNED A;;1D44;;·µÑ;;1D44
MODIFIER LETTER SMALL ALPHA;;1D45;;·µÖ;;1D45
MODIFIER LETTER SMALL TURNED ALPHA;;1D9B;;·∂õ;;1D9B
MODIFIER LETTER SMALL OPEN O;;1D53;;·µì;;1D53
MODIFIER LETTER SMALL C WITH CURL;;1D9D;;·∂ù;;1D9D
MODIFIER LETTER SMALL SCHWA;;1D4A;;·µä;;1D4A
LATIN SUBSCRIPT SMALL LETTER SCHWA;;2094;;‚Çî;;2094
MODIFIER LETTER SMALL OPEN E;;1D4B;;·µã;;1D4B
EULER CONSTANT;;2107;;‚Ñá;;2107
MODIFIER LETTER SMALL TURNED OPEN E;;1D4C;;·µå;;1D4C
MODIFIER LETTER SMALL REVERSED OPEN E;;1D9F;;·∂ü;;1D9F
MODIFIER LETTER SMALL DOTLESS J WITH STROKE;;1DA1;;·∂°;;1DA1
MODIFIER LETTER SMALL SCRIPT G;;1DA2;;·∂¢;;1DA2
MODIFIER LETTER SMALL GAMMA;;02E0;;À†;;02E0
MODIFIER LETTER SMALL TURNED H;;1DA3;;·∂£;;1DA3
MODIFIER LETTER SMALL H WITH HOOK;;02B1;; ±;;02B1
MODIFIER LETTER SMALL I WITH STROKE;;1DA4;;·∂§;;1DA4
MODIFIER LETTER SMALL IOTA;;1DA5;;·∂•;;1DA5
MODIFIER LETTER SMALL CAPITAL I;;1DA6;;·∂¶;;1DA6
MODIFIER LETTER SMALL L WITH RETROFLEX HOOK;;1DA9;;·∂©;;1DA9
MODIFIER LETTER SMALL TURNED M;;1D5A;;·µö;;1D5A
MODIFIER LETTER SMALL TURNED M WITH LONG LEG;;1DAD;;·∂≠;;1DAD
MODIFIER LETTER SMALL M WITH HOOK;;1DAC;;·∂¨;;1DAC
MODIFIER LETTER SMALL N WITH LEFT HOOK;;1DAE;;·∂Æ;;1DAE
MODIFIER LETTER SMALL N WITH RETROFLEX HOOK;;1DAF;;·∂Ø;;1DAF
MODIFIER LETTER SMALL CAPITAL N;;1DB0;;·∂∞;;1DB0
MODIFIER LETTER SMALL BARRED O;;1DB1;;·∂±;;1DB1
MODIFIER LETTER SMALL PHI;;1DB2;;·∂≤;;1DB2
MODIFIER LETTER SMALL TURNED R;;02B4;; ¥;;02B4
MODIFIER LETTER SMALL TURNED R WITH HOOK;;02B5;; µ;;02B5
MODIFIER LETTER SMALL CAPITAL INVERTED R;;02B6;; ∂;;02B6
MODIFIER LETTER SMALL S WITH HOOK;;1DB3;;·∂≥;;1DB3
MODIFIER LETTER SMALL ESH;;1DB4;;·∂¥;;1DB4
MODIFIER LETTER SMALL U BAR;;1DB6;;·∂∂;;1DB6
MODIFIER LETTER SMALL UPSILON;;1DB7;;·∂∑;;1DB7
MODIFIER LETTER SMALL V WITH HOOK;;1DB9;;·∂π;;1DB9
MODIFIER LETTER SMALL TURNED V;;1DBA;;·∂∫;;1DBA
MODIFIER LETTER SMALL Z WITH RETROFLEX HOOK;;1DBC;;·∂º;;1DBC
MODIFIER LETTER SMALL Z WITH CURL;;1DBD;;·∂Ω;;1DBD
MODIFIER LETTER SMALL EZH;;1DBE;;·∂æ;;1DBE
LATIN CAPITAL LETTER EZH WITH CARON;;01EE;;«Æ;;01B7 030C
LATIN SMALL LETTER EZH WITH CARON;;01EF;;«Ø;;0292 030C
MODIFIER LETTER SMALL REVERSED GLOTTAL STOP;;02E4;;À§;;02E4
MODIFIER LETTER SMALL J WITH CROSSED-TAIL;;1DA8;;·∂®;;1DA8
MODIFIER LETTER SMALL CAPITAL L;;1DAB;;·∂´;;1DAB
LATIN SMALL LETTER N PRECEDED BY APOSTROPHE;;0149;;≈â;;0149
MODIFIER LETTER SMALL TURNED AE;;1D46;;·µÜ;;1D46
MODIFIER LETTER SMALL TOP HALF O;;1D54;;·µî;;1D54
MODIFIER LETTER SMALL BOTTOM HALF O;;1D55;;·µï;;1D55
MODIFIER LETTER SMALL CAPITAL U;;1DB8;;·∂∏;;1DB8
MODIFIER LETTER SMALL SIDEWAYS U;;1D59;;·µô;;1D59
MODIFIER LETTER SMALL AIN;;1D5C;;·µú;;1D5C
MODIFIER LETTER SMALL CAPITAL I WITH STROKE;;1DA7;;·∂ß;;1DA7
MODIFIER LETTER SMALL L WITH PALATAL HOOK;;1DAA;;·∂™;;1DAA
TORTOISE SHELL BRACKETED LATIN CAPITAL LETTER S;;1F12A;;üÑ™;;1F12A
MODIFIER LETTER US;;A770;;Íù∞;;A770
